ID,predicted_price
7000,159.0974804339624
7001,149.72126481821317
7002,97.88917861015555
7003,128.97704042266201
7004,148.4129272695149
7005,100.99651146862219
7006,112.61304119474963
7007,180.76688314556662
7008,93.61930785152273
7009,351.2385673268877
7010,197.61809264630958
7011,201.42428171188692
7012,126.78414896038673
7013,366.61735997548476
7014,189.26809050059035
7015,223.47523130107373
7016,173.5014311147921
7017,132.3390413556887
7018,238.73581830924994
7019,344.9333075218498
7020,336.4500261565008
7021,647.9520944622756
7022,297.43554686659434
7023,170.7927645130616
7024,233.95429831106404
7025,160.60402589168189
7026,261.08830610604133
7027,179.8496018463643
7028,251.36501763368915
7029,349.7413614463072
7030,78.93240621847804
7031,253.10264418095304
7032,60.12396567932451
7033,113.87695682050692
7034,80.58458469658645
7035,123.29865865368676
7036,252.48548504059312
7037,350.76183021246976
7038,208.23026874935064
7039,235.35077867010796
7040,658.7244754936041
7041,197.62498891696012
7042,178.94921847785653
7043,203.70729894070587
7044,80.17886041460542
7045,286.23113370581586
7046,83.3500757998969
7047,170.45990775721816
7048,142.51847468612274
7049,107.4242420038492
7050,205.85779007304077
7051,363.65899520922056
7052,156.37744349441036
7053,151.18214590066185
7054,362.01158267824275
7055,184.11404474377397
7056,154.47302803781173
7057,162.1579068643336
7058,116.3140248824499
7059,345.25603260021825
7060,352.55418529202296
7061,283.40076656979016
7062,103.66593088979405
7063,261.5375810525429
7064,92.77370224350305
7065,69.75992006883835
7066,166.2426231053165
7067,130.2925848429156
7068,44.885187692251435
7069,48.286640722739925
7070,138.5345867737252
7071,262.3498149451302
7072,93.73319938425591
7073,705.8872225035414
7074,153.8789603893574
7075,238.8398111923518
7076,246.77357169310483
7077,135.4988154851949
7078,73.6445660952115
7079,85.39529917601777
7080,227.57621193784968
7081,233.00797928748472
7082,105.88719631221048
7083,184.38118754454567
7084,72.55319082691676
7085,206.50390958649356
7086,276.0776887752528
7087,186.17779162153707
7088,115.24253125602708
7089,316.6168179329801
7090,302.47244070999733
7091,194.82058437633592
7092,216.56548810753412
7093,157.79635013256217
7094,202.04482607031676
7095,459.8057202737178
7096,191.2165846869878
7097,396.77089809832785
7098,326.9120677903038
7099,139.85191114320293
7100,341.46442094189035
7101,173.1989881484941
7102,104.63409764155129
7103,183.53827355571872
7104,184.34764346693848
7105,179.23391551169308
7106,203.99267164354706
7107,236.2695189902882
7108,127.32722289888349
7109,196.7042823813848
7110,112.34835602649531
7111,241.22072045973016
7112,306.8861209350861
7113,269.81711768095306
7114,174.80376386387246
7115,388.1248828518599
7116,455.0212911750249
7117,155.69885313013646
7118,318.7506268134901
7119,208.84566898680953
7120,205.49754089086525
7121,769.7006433268228
7122,345.8128854669388
7123,235.5748934697022
7124,223.83836493137332
7125,88.81035788170628
7126,182.54233174205845
7127,230.12432730658648
7128,246.16615768707123
7129,294.9163735379463
7130,110.59847797636102
7131,100.138897614728
7132,626.961989530959
7133,456.1709538120906
7134,227.17791918964906
7135,74.39045874109601
7136,193.10231549380714
7137,258.7928856328731
7138,116.1528963796725
7139,170.73085650749994
7140,68.28669743526684
7141,185.18495067310465
7142,397.0825815788848
7143,146.81505983273132
7144,75.78864230263876
7145,481.6105466988557
7146,335.07968266975087
7147,133.64456583107324
7148,61.013315434537326
7149,944.4126075459413
7150,254.06473821671838
7151,187.73916373048652
7152,375.0579324605395
7153,166.34635749965827
7154,207.94342116112767
7155,184.35365839889838
7156,179.64828863843144
7157,203.28039957068106
7158,170.99571383356076
7159,177.9277867738336
7160,132.6918641672661
7161,131.55744649025442
7162,129.3221263102434
7163,65.6900889374866
7164,217.46538316241845
7165,606.3909032704349
7166,110.43113875007221
7167,319.09058530791464
7168,325.7741491962658
7169,338.88415143483496
7170,132.97310785038965
7171,143.82105549399662
7172,91.04311093416989
7173,69.62354017264099
7174,217.28412369730384
7175,283.325422175076
7176,815.3445305086154
7177,337.8951723821511
7178,152.7819415717054
7179,287.5118429096946
7180,271.4528424791239
7181,226.90096993723418
7182,301.8040213335955
7183,375.59585572711075
7184,62.5232836819078
7185,197.27717080995313
7186,609.0926654176022
7187,150.04319804310057
7188,459.47460849414904
7189,244.38288394673052
7190,64.50830965428423
7191,52.905137577911724
7192,256.903277715603
7193,150.82472222464557
7194,293.0347626980975
7195,126.76398935971817
7196,57.463788231731805
7197,157.39358929610196
7198,381.915306541655
7199,200.99706801911972
7200,113.82116780154362
7201,155.1848697294439
7202,312.4636855141364
7203,248.84775392712118
7204,156.20263782193823
7205,132.85074247305275
7206,147.6625310152844
7207,371.7826282038988
7208,166.7889362188775
7209,152.94115882192247
7210,710.8460440463272
7211,182.01478124349688
7212,319.9877632650432
7213,432.26451582004455
7214,189.2773146454215
7215,148.45417828722822
7216,299.0194697013976
7217,134.47959133328663
7218,154.56363416230357
7219,240.34001467294644
7220,122.94963489229848
7221,252.32014305464017
7222,290.90255570422556
7223,183.14212954955593
7224,174.87865385053638
7225,167.92702959439657
7226,264.3878817022019
7227,149.70184850203427
7228,56.24096384763723
7229,428.60720022293816
7230,158.58422211265554
7231,254.16818378184308
7232,137.08532979419113
7233,82.83871143350653
7234,69.29720033785942
7235,59.35765501493541
7236,222.2002737630177
7237,594.3228331239765
7238,378.76923871149694
7239,94.03438488212932
7240,195.78422016467667
7241,169.21947327694954
7242,238.96978547950968
7243,211.27135742629162
7244,274.10959918493506
7245,170.1276266339882
7246,172.42958969246212
7247,582.252557732626
7248,171.7452180290757
7249,104.63054987295476
7250,216.0689595688994
7251,163.4273323873893
7252,359.6687482292265
7253,240.8380105683722
7254,182.02766402944079
7255,165.55804917474504
7256,412.2152087350667
7257,263.9219577486747
7258,202.7533379296536
7259,262.9329644961967
7260,293.04684971216614
7261,95.83523908263314
7262,153.62397368865123
7263,114.15202531726432
7264,148.64758760632216
7265,130.9139225952789
7266,133.96570650276797
7267,309.822633072143
7268,281.61995041707473
7269,148.19366433766498
7270,123.84077262312823
7271,275.8297877780758
7272,286.37087868525794
7273,293.5580404801991
7274,153.02827594238573
7275,289.58220209053604
7276,238.23599389203767
7277,201.93239148880286
7278,194.97035959550962
7279,206.5141133727896
7280,317.76354616775546
7281,93.4511510880044
7282,99.94692779979896
7283,199.28040826406482
7284,203.57490197700184
7285,179.60166892965972
7286,179.31471923395847
7287,508.2526320166265
7288,279.0801895313365
7289,257.164075381892
7290,214.06910744685027
7291,213.91319505063947
7292,130.8595071633331
7293,105.3043821191418
7294,764.9015009966955
7295,376.0477466578702
7296,313.3944508227912
7297,232.4224857484747
7298,107.02096287510825
7299,390.4369566842938
7300,219.40977796877877
7301,74.18226930100604
7302,71.64925253910772
7303,79.4259192079981
7304,184.00380407619664
7305,127.28347070702807
7306,252.46441365326072
7307,234.74264904155427
7308,63.83617369078242
7309,141.77182953879952
7310,211.65148579937096
7311,249.0534173946756
7312,176.59077593675286
7313,540.0022399519322
7314,498.739267932153
7315,162.28390638398258
7316,183.6786234574446
7317,171.9929956205927
7318,159.5881636243216
7319,279.393897717844
7320,170.87979864081265
7321,241.0630948823779
7322,634.8361776678443
7323,298.8097185184735
7324,139.11234159380757
7325,202.50859382371286
7326,287.2343621362173
7327,364.0064210060789
7328,58.49801145940368
7329,207.4943249577371
7330,163.93376746817998
7331,87.70507989721827
7332,509.2897362076769
7333,369.0461621904291
7334,280.3958994324934
7335,312.599447574317
7336,137.12377537292656
7337,515.1821386353046
7338,169.64353260091983
7339,184.1955336310031
7340,178.90239568825152
7341,195.30668947507036
7342,199.82862035952206
7343,300.55660774274344
7344,238.90488987112062
7345,308.17955196608614
7346,257.03292237973943
7347,177.15861339471323
7348,123.07630003343
7349,158.33315774706304
7350,96.05510028574321
7351,110.29278069003122
7352,232.57907247894744
7353,165.9563077444056
7354,146.59529069660613
7355,142.68814099074447
7356,154.30593799984308
7357,373.58352732555875
7358,248.68624789095324
7359,410.2580420857692
7360,220.04342868172165
7361,281.0264011092401
7362,207.12654288830555
7363,220.5918045696618
7364,164.1542152554414
7365,230.11236666316256
7366,223.37670664258576
7367,259.5108695835871
7368,249.35722183438983
7369,98.9956952386339
7370,175.0881895119036
7371,192.44115865252616
7372,162.8826250868203
7373,182.7054526697578
7374,180.36412204843083
7375,109.80939520001182
7376,314.2650285122685
7377,509.5205914868927
7378,171.52568089068987
7379,164.600398960324
7380,282.6731711913507
7381,157.01615651273028
7382,249.62186291025037
7383,353.6337011570948
7384,190.61567847488797
7385,225.85042790952036
7386,180.67463521201498
7387,356.7734497391672
7388,553.8440542549345
7389,167.72614176263068
7390,369.23271850117266
7391,58.235013937539605
7392,197.1344312043362
7393,700.2847032165228
7394,416.13415621875015
7395,172.2052518795834
7396,231.2869842123441
7397,253.743339391955
7398,196.88121757321085
7399,132.54653153596118
7400,346.9499374793852
7401,126.97167840986131
7402,56.21831228358705
7403,446.79431698712733
7404,50.67021826937914
7405,140.16669295253192
7406,188.46054399129702
7407,106.40786125122051
7408,265.543030421356
7409,151.1561307262124
7410,72.42600055975039
7411,199.22676012482353
7412,186.95510337025254
7413,199.21062382600186
7414,153.088857197556
7415,213.7566375004489
7416,115.08071412936326
7417,192.51449657625764
7418,444.7508799975186
7419,154.23859432036747
7420,149.80956851653443
7421,169.99784288092246
7422,371.3070888025758
7423,195.2584407136292
7424,210.1793215298256
7425,245.0272219204088
7426,205.93394771528762
7427,176.00883724103036
7428,207.45160946928755
7429,67.6822839808701
7430,218.27569073587227
7431,65.52246371542702
7432,371.1042860254516
7433,156.0323348602355
7434,160.13173484663156
7435,220.46481742960435
7436,79.40241120544883
7437,148.01350369548055
7438,198.163897074984
7439,87.16121233700422
7440,58.44715895897226
7441,126.68370573136066
7442,72.27976709957368
7443,189.30483056035223
7444,161.9391767995727
7445,118.71170637225333
7446,227.57698907984545
7447,258.5745135311602
7448,423.57831496430396
7449,64.64466923201962
7450,507.0124935641086
7451,92.40197690589105
7452,149.00915132311093
7453,180.1154981232328
7454,192.04177320256608
7455,124.47438769109037
7456,130.10918605645216
7457,127.16224013403553
7458,183.48711488021814
7459,283.51067314846176
7460,146.5415535883862
7461,152.7479967199285
7462,120.8274513294511
7463,288.47475945586535
7464,254.04703203080217
7465,234.1910035841112
7466,237.7280556887933
7467,223.8283794939914
7468,222.50248671881937
7469,479.63785661584933
7470,178.03097117270585
7471,561.7804306870494
7472,306.1784535252424
7473,194.10154175119447
7474,352.1495183315518
7475,269.3171177390778
7476,127.19636525483799
7477,72.53698742582638
7478,149.21950379415142
7479,256.410151777684
7480,257.6803044319646
7481,142.67432051200532
7482,189.48410013055647
7483,164.5966685433229
7484,77.43206033947749
7485,87.99773432617549
7486,85.56316828843464
7487,300.27074017193286
7488,120.62675021000041
7489,160.28312292043842
7490,318.7801676951583
7491,220.98790268149878
7492,152.80160176324256
7493,300.575654045381
7494,418.308319616223
7495,103.63595606144506
7496,411.9190759971718
7497,305.8793339899689
7498,131.19867757480154
7499,283.0349509782648
7500,184.51516018736407
7501,433.71555379668735
7502,131.13237431284753
7503,78.11748397945023
7504,286.1145750769352
7505,843.0562839961528
7506,125.66148897525312
7507,185.17994464664068
7508,149.8137198146575
7509,105.6398295743508
7510,141.047841083759
7511,151.4179997494056
7512,113.4804538667039
7513,197.46549973923106
7514,145.48226615884516
7515,200.34383784381285
7516,131.2333716416754
7517,310.14654093035904
7518,128.440278686698
7519,104.73389212488809
7520,239.0516445067857
7521,125.80947079994625
7522,278.7407980136668
7523,130.30883795024374
7524,122.34536002105801
7525,161.62534519516217
7526,253.56619905039435
7527,260.3501698160183
7528,258.76586650834633
7529,126.02836925678939
7530,166.4806517710685
7531,215.583119486944
7532,342.72819214712143
7533,119.20536048370894
7534,196.1369071282558
7535,176.07954428051798
7536,293.9432139299404
7537,346.7674539140041
7538,251.94557680847993
7539,73.33117710827734
7540,68.9891561811457
7541,299.43670450761533
7542,477.0691830395503
7543,204.3547466215846
7544,244.22896981048635
7545,471.54623619321086
7546,310.2313879916205
7547,133.8551491788349
7548,101.37861639435592
7549,193.57033581345326
7550,82.92241298051916
7551,218.51170405064812
7552,249.7589063904058
7553,156.5984037740221
7554,139.96111387250104
7555,177.21326181605752
7556,185.5690163764172
7557,145.47371402599302
7558,110.3242048390619
7559,260.58819023924076
7560,182.84816303922625
7561,243.89697268090407
7562,130.63199990329684
7563,146.3740085313116
7564,203.2507378048178
7565,223.26492300546155
7566,162.81072586555285
7567,124.91841066358317
7568,348.79568172725845
7569,258.3067388658429
7570,133.9604018452619
7571,135.36876615272374
7572,134.50630255017586
7573,263.8718728341913
7574,228.721220686557
7575,137.52722380010772
7576,195.46853897806673
7577,74.06210736803864
7578,56.921613321543106
7579,161.9572627641291
7580,142.59050085712744
7581,200.95381124331857
7582,252.58134942104445
7583,284.813540446805
7584,323.77592835140075
7585,234.7498786961487
7586,129.4044752857683
7587,157.57743433847014
7588,163.44761046226168
7589,250.00489128878974
7590,163.4374460198178
7591,124.87559773436602
7592,177.6237111851842
7593,219.78649516350941
7594,216.43154505746645
7595,120.36605053533792
7596,81.53627991165557
7597,318.28821362408013
7598,227.81421901152447
7599,168.06800202994447
7600,168.08817560272917
7601,300.35789139444853
7602,167.33293445752545
7603,266.9049298524461
7604,277.22060909399045
7605,290.8102093594929
7606,161.0445129676616
7607,314.3441396303189
7608,243.41225091542208
7609,181.95528724740393
7610,133.41753227215358
7611,163.4631747308104
7612,646.2480623769676
7613,213.9875468639816
7614,147.82276862046206
7615,245.66892166880663
7616,311.8034398023401
7617,267.52181373388703
7618,96.7664164294782
7619,161.51794898066044
7620,138.9308978272876
7621,196.97905502347933
7622,443.1208000951247
7623,56.37689356022128
7624,193.02980977194179
7625,62.193209234668856
7626,165.20612608473962
7627,152.4533680805984
7628,139.48311908188205
7629,284.3252487225237
7630,181.3307827591861
7631,119.76524894338003
7632,135.55008709162982
7633,232.92187297432125
7634,151.86167464704045
7635,171.1974835820425
7636,179.30176442672777
7637,399.0674360806544
7638,101.87044126571473
7639,111.38910625916466
7640,453.82505668705926
7641,340.5804463691565
7642,107.22736809526494
7643,189.81864811513702
7644,156.77352305953897
7645,245.9328559380446
7646,165.5356693259193
7647,111.42353370470353
7648,189.01385496670898
7649,491.24942649363953
7650,86.05018609836613
7651,75.2942006315146
7652,232.6627389849696
7653,409.8855600069812
7654,143.72972173988563
7655,188.09221563281974
7656,575.0007554706718
7657,169.5187102139026
7658,197.5156907081452
7659,133.58185170278526
7660,180.79109242429223
7661,112.06319464200625
7662,100.43808320174708
7663,271.42245572643253
7664,195.7759344441857
7665,221.53546366675732
7666,165.7724095915078
7667,227.8493388528128
7668,134.10212815786454
7669,146.29964270985644
7670,167.4764794494117
7671,87.66199509915246
7672,211.27896955315927
7673,185.1151098681405
7674,213.56478892702896
7675,141.8289071601154
7676,210.5780071507633
7677,153.10264738363702
7678,484.845919843678
7679,548.7598385487854
7680,270.1908493261156
7681,323.85393282720435
7682,169.06520121883557
7683,127.06685545405273
7684,216.18392585812364
7685,105.58456612351598
7686,177.8056151978102
7687,122.78687813627678
7688,117.20090279021093
7689,149.03968435542416
7690,115.25788517810817
7691,207.29805858245197
7692,283.20100039841043
7693,207.99195634281992
7694,283.3825673434641
7695,158.19320197542768
7696,282.84010401556935
7697,312.94746586093424
7698,292.10842705863683
7699,292.6666347176874
7700,289.69127372412635
7701,88.62372410731017
7702,158.0858575727574
7703,185.07928801354362
7704,135.00898150873567
7705,141.79969193221234
7706,252.77783207718448
7707,202.42344915402424
7708,138.41454867219554
7709,122.36302680855336
7710,630.5506531615038
7711,139.12448520052752
7712,294.84203840335556
7713,92.45877536715645
7714,322.59919723574006
7715,233.7995217685086
7716,382.6076707598982
7717,274.0375175020686
7718,238.36579963869792
7719,82.56830246137842
7720,134.90812572561208
7721,151.60680669657083
7722,118.18098504239966
7723,522.4778865002379
7724,175.690461990101
7725,856.6589281351048
7726,176.24124691758158
7727,157.99699566589763
7728,258.12279617393114
7729,149.69323552097188
7730,185.1516225171244
7731,232.96978534945407
7732,242.9038724164797
7733,171.24692588276685
7734,208.95962000260022
7735,513.5654108555754
7736,128.25743824846586
7737,190.92150919037377
7738,194.53437766540495
7739,178.73696080796392
7740,226.90216888871524
7741,129.42022629240648
7742,347.0179107890272
7743,293.4813673243307
7744,232.18398544446143
7745,251.0653247650211
7746,96.77094523033793
7747,413.51845675958316
7748,320.19028501582864
7749,274.1771435037784
7750,234.0388679567094
7751,162.16359514846084
7752,100.0703180457086
7753,148.6966236576061
7754,242.66188562990354
7755,243.345048653576
7756,163.3519754810202
7757,176.5745910432248
7758,184.32314138218334
7759,444.2053749758204
7760,570.437055137517
7761,187.47287312884094
7762,383.314329356318
7763,734.6327716659665
7764,241.09632381645605
7765,92.03101622420066
7766,265.67483275821877
7767,210.9149795900142
7768,169.99620361384115
7769,98.15486707768422
7770,212.36530522175008
7771,520.6302783786006
7772,174.6209505646247
7773,175.38996511696837
7774,236.2544844185672
7775,282.0228409701991
7776,196.30012919909177
7777,298.3721747103725
7778,52.09098325384023
7779,486.493438861164
7780,277.5600699399315
7781,202.8733135177613
7782,140.8943510191001
7783,148.39007024146477
7784,325.21767195012586
7785,109.43255759624125
7786,233.6512563893422
7787,192.64875599926074
7788,458.43043482172396
7789,508.3608286035649
7790,194.795044436393
7791,113.31160605077902
7792,169.49974931807017
7793,347.4239700890393
7794,274.9422067023712
7795,122.34050158530076
7796,144.16443319711857
7797,141.83216393527658
7798,168.08623898987278
7799,190.22275037248517
7800,401.4819718338306
7801,291.5320607681712
7802,182.43908078620785
7803,142.48175630524784
7804,214.22240624809575
7805,127.39187086432239
7806,181.21143261581213
7807,388.38694441645816
7808,78.08904074226999
7809,53.268512898701935
7810,184.34615231268117
7811,72.50069418660559
7812,197.00554422013332
7813,322.23778829918786
7814,296.4250458236126
7815,124.60541153009456
7816,243.1624530371822
7817,603.4176851029716
7818,112.80839452737355
7819,116.99109060192869
7820,424.42620278468826
7821,180.35559370225695
7822,170.98455747390287
7823,278.4387638079698
7824,219.03491730401785
7825,135.5237024603866
7826,78.78106591326163
7827,128.15938841073367
7828,85.19644139932436
7829,126.38149178020039
7830,268.8838154207456
7831,131.1431970529433
7832,359.8282962555676
7833,186.47129672834677
7834,188.66665061883822
7835,240.1722115716356
7836,143.15137254452682
7837,75.54802278600798
7838,211.53705100676189
7839,338.92767722925635
7840,149.46437870224398
7841,453.93350822272635
7842,373.26103623660134
7843,326.70021932960367
7844,131.6885502316263
7845,170.21080135087442
7846,258.1081644024933
7847,371.07320758146636
7848,307.5702300223794
7849,367.38335124692463
7850,183.98466749874487
7851,62.55288667115389
7852,172.2118101591971
7853,302.308639398364
7854,454.9491600772862
7855,191.1269686914151
7856,162.5219647112718
7857,272.8942362672325
7858,83.46561123949414
7859,190.7399192355696
7860,338.37107618995566
7861,349.0266517756943
7862,178.2250013299443
7863,74.04964034421924
7864,199.13422066961314
7865,305.50454114649887
7866,119.66393507815135
7867,114.72591581819187
7868,96.83710603962118
7869,300.23729567814854
7870,130.90674540481592
7871,571.0585325248092
7872,188.65426884806834
7873,214.28675529517548
7874,196.7243866864707
7875,163.18320819111116
7876,206.7425384660542
7877,186.02958757865184
7878,496.5222053426461
7879,304.8893236699136
7880,177.67623836705323
7881,712.8470890216436
7882,382.3559938166593
7883,259.726691426874
7884,164.70381190594858
7885,250.6703108988532
7886,194.57170487350416
7887,162.2266693866651
7888,63.78174219725416
7889,403.0682185133874
7890,191.51098518395088
7891,138.81685867428632
7892,248.1490777436414
7893,288.4307352053823
7894,209.30280311725178
7895,153.6579923374019
7896,201.05926117257096
7897,275.3453223806204
7898,150.46692439791465
7899,253.23722302242206
7900,287.41032946116013
7901,245.39175093271018
7902,93.97199853561195
7903,67.69979061862963
7904,139.17830887313264
7905,84.60660479660494
7906,148.79646749439476
7907,194.58695517442703
7908,303.3339415843427
7909,57.646728540662366
7910,166.8973031439885
7911,381.0226287726511
7912,154.58187824982696
7913,255.4778791587674
7914,456.28691523684995
7915,532.2585356026124
7916,528.8767593723816
7917,155.5635566411656
7918,158.54543713090226
7919,174.6183404358839
7920,139.76718994502377
7921,141.23908734656467
7922,67.55326925838102
7923,163.61917479785353
7924,210.5895262158078
7925,398.08143025936704
7926,332.64219945893507
7927,150.6847277703608
7928,258.9032310315795
7929,285.65821687815986
7930,680.1773890143485
7931,472.02555753736095
7932,215.18359522376647
7933,113.55454653313636
7934,161.7541643820057
7935,161.93017049837835
7936,149.7472978089327
7937,95.4397078583137
7938,192.63272130068776
7939,155.47229782665102
7940,95.67893469320751
7941,282.05934638069215
7942,152.22202251173522
7943,72.77303767039714
7944,108.35160159820865
7945,148.05482388990856
7946,151.42135930538893
7947,401.92499748927565
7948,254.508852081962
7949,62.33473716510802
7950,360.807429707763
7951,223.26227241603843
7952,162.8095418627354
7953,258.59503609955925
7954,339.0299555052734
7955,278.66405439129886
7956,85.47503325612661
7957,413.6632105981902
7958,345.6693248183244
7959,545.5512217991159
7960,110.56832535464312
7961,207.57717652432967
7962,767.7902654824271
7963,167.30075898580392
7964,376.7835596977247
7965,500.52087893214457
7966,287.9860690292747
7967,173.59129596865336
7968,261.03177388027956
7969,142.73307496448982
7970,82.63234499013971
7971,126.78812356777074
7972,261.98532310967187
7973,53.41768768981579
7974,130.43901928752868
7975,278.01737349287146
7976,148.9806640710037
7977,159.3902876944066
7978,95.17933732533474
7979,141.46727858645562
7980,200.30276524929278
7981,138.4400596873035
7982,230.92521740924897
7983,138.55470194602117
7984,95.28112976078093
7985,129.72689658799843
7986,68.93605684595958
7987,261.93853226091744
7988,156.50058800940386
7989,122.80535954244105
7990,256.61025904576854
7991,158.562846966279
7992,77.62066712829055
7993,159.18091981879172
7994,193.35428862420747
7995,115.44560451995955
7996,397.2285712336461
7997,300.31096303089555
7998,70.54045422922768
7999,149.17383500891373
8000,162.43717135073956
8001,200.2252383881034
8002,232.05183756675268
8003,66.91773023845684
8004,795.2584364466311
8005,212.3178147607992
8006,246.6858316918952
8007,178.8505129750425
8008,291.9879744030201
8009,232.26483996232096
8010,365.7514326258585
8011,289.1197192792894
8012,180.5813812501478
8013,62.03815805662619
8014,153.24761045409448
8015,84.23516115606569
8016,74.51329348695823
8017,332.23049421846775
8018,125.48397873016661
8019,219.05899216324337
8020,584.837827145352
8021,207.46982551085011
8022,255.47199789413844
8023,474.40020546211036
8024,216.55238309751516
8025,267.7369780954919
8026,210.87619742499925
8027,234.06132131814903
8028,273.9884189940421
8029,161.8730982248051
8030,237.62981145509048
8031,223.6843764322127
8032,288.9993151127695
8033,99.02202983379115
8034,258.2545682759047
8035,282.24960038049306
8036,231.3680823136607
8037,149.47336772490132
8038,169.1963655095318
8039,246.59630170374723
8040,177.10956469682424
8041,336.3434643313714
8042,181.40539107912434
8043,233.64102016464184
8044,205.95670466499536
8045,110.96623103053975
8046,189.92905757439493
8047,210.96827179626752
8048,207.96327429522637
8049,296.67584081588626
8050,211.40883362355672
8051,396.3478012395445
8052,215.39218866722334
8053,408.07168231164394
8054,274.4699266691622
8055,223.98017034350525
8056,224.11239217005576
8057,364.7934777067428
8058,203.35700183952795
8059,166.6279308283461
8060,333.23984521446783
8061,233.23239884750447
8062,319.53574562501353
8063,197.22810067164667
8064,145.22763601226652
8065,139.2485067713744
8066,313.95999760545163
8067,115.91696579489152
8068,319.65611286289203
8069,790.4646615503684
8070,162.1384817111398
8071,48.44378167698938
8072,246.93831847268294
8073,425.68226561493213
8074,168.66463031528377
8075,129.69776518475152
8076,214.8209278578528
8077,241.15425412701558
8078,154.91921643027803
8079,167.48689219513457
8080,92.38544025503668
8081,69.46663866256402
8082,130.80479096050797
8083,258.0465307696194
8084,145.28003842240307
8085,148.07007896298703
8086,135.0383278050817
8087,213.56833409499777
8088,131.84749852778788
8089,147.27141531525453
8090,384.12597796569656
8091,68.67783171306256
8092,677.9092019839053
8093,150.42358766208957
8094,118.51568121239518
8095,193.47674617923073
8096,562.548677813637
8097,195.4427995999783
8098,363.77766715065104
8099,211.9393351560699
8100,106.85154351175201
8101,198.59154387002772
8102,256.9956762165747
8103,150.38966906555547
8104,252.46447799003084
8105,253.22408745769144
8106,59.651633442024156
8107,349.53933921282913
8108,184.9739604066374
8109,290.1527069925979
8110,251.97364896435923
8111,84.26562723318261
8112,308.2128960578234
8113,156.44459218769495
8114,131.02003758323374
8115,379.5105766674103
8116,70.0601590046283
8117,95.84173451706378
8118,386.63773511091296
8119,85.5328667196409
8120,346.66515280166385
8121,115.0263868498788
8122,247.56763839882672
8123,247.8994018654124
8124,66.29194299251172
8125,219.67208338887838
8126,182.31280396148622
8127,173.8663094637411
8128,166.60847738846164
8129,96.72123413117689
8130,269.13232236564335
8131,180.52745850045696
8132,64.8473324612556
8133,234.26325724229892
8134,243.54432129080698
8135,216.18731340154073
8136,231.40841008512527
8137,251.82557319018963
8138,121.52026496061201
8139,187.75697676758637
8140,406.5573073924174
8141,411.398044108582
8142,97.83017971811428
8143,70.65301834792537
8144,146.53172132878723
8145,279.8551181068765
8146,295.1153324416793
8147,193.8966988706232
8148,124.49193595690136
8149,350.6317100361074
8150,247.95696198286518
8151,243.53198969059048
8152,361.15296132555085
8153,239.00705789350354
8154,102.88586998097401
8155,237.966062264911
8156,272.25303496359527
8157,91.29109229826325
8158,223.42603195882472
8159,254.38364005014847
8160,142.4343637534244
8161,439.901452250476
8162,354.57493786723995
8163,308.15637357961117
8164,147.8654858105504
8165,210.16209261819168
8166,385.45361630687825
8167,389.24762030204334
8168,256.2203118090857
8169,335.37796855937836
8170,287.2189819468489
8171,197.84595682977243
8172,209.42784061658907
8173,297.0950770841835
8174,274.2749227554022
8175,186.75276347968028
8176,350.78009827014347
8177,69.61850075110644
8178,164.10859476682117
8179,136.502954182988
8180,165.32359470267284
8181,262.4473800384668
8182,181.39436647548138
8183,136.4441737789585
8184,183.00271719381197
8185,240.15791122132484
8186,784.8360364655878
8187,144.9506157003535
8188,277.1120103601805
8189,528.2807794089517
8190,426.86401697580465
8191,245.95580487446313
8192,78.92311138619264
8193,223.19689855841665
8194,232.22107678767654
8195,299.4032891707743
8196,184.39290057183865
8197,290.2061005556822
8198,266.3498134069286
8199,212.54840178548469
8200,242.79449035056928
8201,427.791834992692
8202,247.9775803848216
8203,145.74190720975176
8204,471.91149638814795
8205,175.04725558852206
8206,288.51490043501116
8207,206.78519685446403
8208,83.06298671106563
8209,147.31513615473983
8210,173.98730637700382
8211,150.04674525420853
8212,245.87688764575685
8213,618.6371972149432
8214,357.81215394120454
8215,220.39318391224654
8216,245.38834897785506
8217,152.8585415781298
8218,158.23653544471796
8219,284.5154827426128
8220,159.21125619762753
8221,278.8915786259227
8222,236.18009984468353
8223,282.2253386960794
8224,163.26429430295954
8225,142.09494981423475
8226,58.65343245577936
8227,659.6566748457033
8228,284.53006080252663
8229,198.3770622923999
8230,275.21382380633867
8231,140.06281212006635
8232,393.664943317866
8233,207.85310356838156
8234,219.68487566673676
8235,344.6179513702455
8236,306.2529709623285
8237,229.22051438086805
8238,206.116483503683
8239,369.8086015460126
8240,189.77903756770428
8241,129.19899281221737
8242,171.7752665052921
8243,326.56218804311
8244,281.2315284033236
8245,545.0391351797035
8246,334.2547426416356
8247,300.9400529292255
8248,285.46881511717993
8249,364.36512701569154
8250,308.79888787102124
8251,105.38107701833076
8252,141.03224236654333
8253,296.992296829078
8254,240.6804286459181
8255,254.3535410417147
8256,176.1982857852265
8257,203.93784623318209
8258,271.1011781470158
8259,328.83637405288107
8260,157.6418189458142
8261,336.20320811160366
8262,249.03353337954854
8263,212.71251800893825
8264,363.65679434613264
8265,158.96352081954694
8266,209.72571211395416
8267,315.04118954071
8268,64.4043070223974
8269,161.41539129021555
8270,132.55910997154137
8271,352.56197369133605
8272,98.59285462768241
8273,267.7867777839662
8274,192.2926613995872
8275,183.64790750086968
8276,128.7192962845317
8277,132.89340154467519
8278,103.11618842509971
8279,69.27386541580049
8280,339.6904421425135
8281,342.0410564702356
8282,136.86090875724116
8283,175.48978150134417
8284,141.84223494763663
8285,138.50764604558717
8286,121.81243621737603
8287,225.2674820609768
8288,84.81533950590186
8289,324.64249743403866
8290,244.52768061809758
8291,178.71678256083314
8292,918.7739698010612
8293,116.9473593996831
8294,155.80476787025572
8295,239.7849122134207
8296,209.8616792939598
8297,346.7970955088886
8298,105.97521795623588
8299,74.65016325470633
8300,113.92795021056214
8301,187.142671184555
8302,127.3399930778196
8303,164.7110179433905
8304,145.24260015927584
8305,108.12727937350586
8306,328.9215711790112
8307,142.49220288831225
8308,251.84454894597286
8309,224.60869408971462
8310,227.31144993825586
8311,120.10413467212423
8312,104.26369642580347
8313,74.97693694408402
8314,323.8778796505985
8315,156.24543697560125
8316,240.14848586124205
8317,357.59357432138955
8318,255.37207998718935
8319,255.19207225721334
8320,345.2193286763481
8321,178.29532818585088
8322,268.95664354640957
8323,560.6811300748984
8324,327.08494901566246
8325,81.5545426818761
8326,341.9046451825188
8327,163.19946094099632
8328,72.08509332084418
8329,246.84373642805235
8330,285.0590065972996
8331,86.97178620107726
8332,78.78337494169303
8333,198.4966877827723
8334,163.38590261891565
8335,138.60845853951713
8336,250.06053433089187
8337,604.1691644303093
8338,76.92834802271183
8339,75.9853644226015
8340,101.69663070088346
8341,243.6438505743203
8342,261.22952617897624
8343,216.67234069233257
8344,220.83369927634732
8345,271.5464996938675
8346,59.696306230222774
8347,185.75174460205199
8348,175.97950534025168
8349,254.8632526511741
8350,332.0674374943867
8351,150.52065967553557
8352,78.6369774777157
8353,247.8981488227996
8354,417.8119890202883
8355,156.13061459772362
8356,978.3332800663514
8357,85.58370203913746
8358,80.07518502957365
8359,84.7186919095432
8360,81.08920168990188
8361,139.79478868086926
8362,120.31713053301127
8363,217.18123267012285
8364,433.84433277478666
8365,426.08744479812975
8366,636.9581891433087
8367,552.8673068532507
8368,79.33770427230287
8369,250.47533102819912
8370,212.6139343628841
8371,254.48532276364847
8372,100.23790663125277
8373,102.810630073128
8374,194.915716613065
8375,157.6889900863172
8376,178.71935886570049
8377,174.22802779827336
8378,199.66748476946796
8379,223.90927451493425
8380,234.21641286189384
8381,54.04593562085457
8382,217.7563453481208
8383,518.5535351162455
8384,170.1853806169739
8385,161.60212013688275
8386,817.8093149133659
8387,118.73163807343391
8388,128.26652212865451
8389,175.48913582275023
8390,131.8599955604116
8391,143.09104213450763
8392,74.82334010451434
8393,61.10609882922513
8394,680.6549816942362
8395,335.40465184767925
8396,284.6779022461865
8397,272.209150794751
8398,263.81472415986224
8399,139.49666162573402
8400,74.58938467660585
8401,151.33473638129095
8402,347.1311016501832
8403,141.84618967055127
8404,189.898916434903
8405,220.924891094795
8406,166.73771736701937
8407,304.45427686837377
8408,70.52870938581762
8409,174.382521735031
8410,509.44846442377906
8411,96.09121915266675
8412,51.41322460413388
8413,229.15599306968923
8414,198.5319639971793
8415,99.35143736333106
8416,354.74689312814513
8417,519.8077878768488
8418,200.5062950200346
8419,134.6921130210328
8420,180.82363370638896
8421,368.52856926978467
8422,326.3067448313626
8423,321.58772276014207
8424,154.66480874027496
8425,184.5614077099811
8426,481.50972362084906
8427,164.4860082794395
8428,80.74721740888323
8429,210.1943737617809
8430,163.72935591556416
8431,177.12758428657494
8432,141.97869254966366
8433,213.24674483164642
8434,286.9294152280209
8435,128.64422410191614
8436,125.6825918548994
8437,116.58891977498105
8438,100.26812522289843
8439,343.9031906230195
8440,158.9960538718498
8441,828.3178198225945
8442,263.3208844733213
8443,429.1454885804734
8444,262.3387860338582
8445,522.377352346049
8446,314.16832451096036
8447,303.10012279437746
8448,261.9506649613421
8449,227.1608284889023
8450,182.61272331905118
8451,201.6450723682952
8452,140.3130067661215
8453,214.29969607786035
8454,107.52903907861207
8455,159.62644446614155
8456,400.5670651812289
8457,186.7894011567679
8458,177.3649708820808
8459,258.3675088808347
8460,155.64585285662884
8461,139.22000446622752
8462,470.41147538570465
8463,437.9489075438794
8464,72.35832300851432
8465,252.65735651837647
8466,147.2379496513065
8467,268.46440651430817
8468,216.16192200755054
8469,261.49401941984337
8470,104.52129689420248
8471,71.59417447536211
8472,313.7688616836086
8473,215.4528647970083
8474,422.466452293737
8475,189.43851469141086
8476,130.25514076739623
8477,141.3690033013948
8478,228.1452619496021
8479,153.52159357813713
8480,66.7527842637291
8481,55.01245845589273
8482,171.63142664593127
8483,196.1407384397409
8484,79.65774459367645
8485,194.12470147272973
8486,81.33813484993804
8487,166.65224631696807
8488,307.4028737901307
8489,144.8306784690229
8490,109.78494040001999
8491,194.5223847336505
8492,289.6998053592174
8493,296.250474761371
8494,202.459261698763
8495,146.61214191475892
8496,241.39729195722768
8497,82.56190852401775
8498,148.32798851487155
8499,451.3198097839572
8500,125.95632367049707
8501,181.36122359770675
8502,61.20035319594702
8503,249.0391110701602
8504,177.06337690389051
8505,199.08970261087075
8506,154.13680573396542
8507,371.85742599879745
8508,131.5657729955192
8509,366.55409876165925
8510,171.68478108884705
8511,103.08669968795328
8512,105.89583395953763
8513,69.74607184287045
8514,296.8403235286906
8515,210.5530063308827
8516,489.19395459980007
8517,171.9741915423706
8518,295.14073951330704
8519,245.18164635995882
8520,64.85120652368543
8521,233.3275309914918
8522,168.61540656276816
8523,270.39400018880457
8524,70.36653555677006
8525,91.99530439862028
8526,292.85456061092276
8527,355.8467924966329
8528,255.71388636937172
8529,105.68181989297963
8530,137.4258180710726
8531,336.43958187292554
8532,131.41325433830397
8533,68.39909859665643
8534,112.90299544682254
8535,205.43562629321679
8536,167.56895864584175
8537,78.6523724287036
8538,232.66034796349007
8539,53.468039492631746
8540,142.64534692538712
8541,237.48931874282076
8542,291.71923367265634
8543,449.48765363669713
8544,181.10124328730797
8545,286.8600898265009
8546,221.12514999458273
8547,200.11315251183345
8548,63.21440666641564
8549,99.44006826629045
8550,253.80905882600362
8551,370.6606250598382
8552,396.27314053130755
8553,499.50806494903065
8554,217.18406462121104
8555,313.30088512064043
8556,440.59274493616175
8557,242.83918044631523
8558,145.38027271956392
8559,277.75415070545955
8560,406.80461064028674
8561,529.7235346640512
8562,116.86366502881124
8563,159.45410435150055
8564,288.2727925169015
8565,55.729905692344616
8566,423.11479707244104
8567,266.4223642573317
8568,264.12232052498024
8569,238.79605943317796
8570,581.1002529209658
8571,385.04999296107815
8572,168.85404867656197
8573,148.12011239815007
8574,200.50693043744133
8575,61.50224168886121
8576,543.558277427597
8577,177.2860537279303
8578,295.5212561876081
8579,90.56501697815054
8580,514.1384031419005
8581,252.142759892801
8582,154.65962694215605
8583,207.88072672589848
8584,183.68723080036435
8585,199.51960559003012
8586,251.550783673709
8587,258.5430971617873
8588,183.27418064521916
8589,141.41653642990605
8590,72.60218095373392
8591,226.57916950841482
8592,275.0917880468745
8593,524.0678699446696
8594,335.6066782301191
8595,351.87976589532445
8596,129.61315612742257
8597,558.9984221790753
8598,279.015443672249
8599,252.57168153287233
8600,150.62744311271948
8601,278.5642838466943
8602,168.27356178750767
8603,84.55991958803803
8604,143.62044858680298
8605,205.5891144323877
8606,219.57942483949753
8607,269.29647428168556
8608,331.97205034637443
8609,157.57435554971792
8610,340.81053202661155
8611,159.15552939686427
8612,71.52588393385636
8613,199.54404405564088
8614,230.12443214946333
8615,329.3259826197829
8616,219.77321557205022
8617,384.8040745953771
8618,72.83297674105413
8619,305.9698793219391
8620,224.37196441164582
8621,623.1252050298236
8622,174.1059568869253
8623,131.856865140723
8624,269.79433912468687
8625,358.6067282389986
8626,287.5386819826664
8627,348.6874396077898
8628,130.6840766583035
8629,168.60646951374306
8630,147.428733741754
8631,111.41255593320896
8632,204.62782205008622
8633,312.9011314236827
8634,176.79356702704231
8635,380.3437670044351
8636,272.71807704790973
8637,136.40683839366673
8638,161.62764517234388
8639,580.5172164192005
8640,118.2613074943882
8641,327.16503443070536
8642,256.4147957528038
8643,479.2026203003056
8644,264.41736893180274
8645,385.4987674419006
8646,200.27840801512033
8647,479.7397776034465
8648,54.5138153527118
8649,110.26879102829832
8650,197.26178154787607
8651,132.10550526844386
8652,163.87240614049392
8653,171.73814221844663
8654,157.7713360542833
8655,328.27603178147723
8656,193.1197474882961
8657,83.33021209337782
8658,85.32445809885927
8659,202.9643247399788
8660,146.45584808467726
8661,174.27838262656138
8662,93.75187867884642
8663,232.15986655431857
8664,479.9690295182724
8665,277.4669567862284
8666,206.4201082542078
8667,119.88230546298406
8668,177.8702069072049
8669,161.87781299461417
8670,103.2163256387512
8671,324.91011497745563
8672,195.07828767100963
8673,350.1764556626387
8674,63.986291798132584
8675,224.63743153602653
8676,263.7409676528156
8677,224.70598290574387
8678,319.3381949339079
8679,163.98427202489148
8680,139.91421662372775
8681,228.71427085504024
8682,244.72139798394736
8683,93.71624204883591
8684,78.55374689196731
8685,66.17912036865899
8686,328.115771543181
8687,62.876794295713246
8688,77.0153792319306
8689,442.17478261749045
8690,161.0237548456413
8691,209.05804653344507
8692,257.6318884430963
8693,624.3495346801395
8694,223.99674653609665
8695,192.10367886957275
8696,441.045829821824
8697,187.9178371214887
8698,321.016901882062
8699,605.500134808109
8700,210.6601072597257
8701,149.1267285389911
8702,237.57254575255382
8703,369.003550229515
8704,163.99507359455458
8705,99.92176784679181
8706,169.84309059612264
8707,178.43106768989375
8708,260.7883365177105
8709,168.97560546235673
8710,82.70633092466232
8711,189.83968355052173
8712,82.15162756221456
8713,88.5754821507613
8714,546.8991139610406
8715,144.7867712594899
8716,271.6411615601021
8717,175.10588551416046
8718,60.677464877030815
8719,69.30653503290237
8720,252.09428984819746
8721,401.57832454294436
8722,222.76277564387996
8723,67.26401245611281
8724,201.62053006723187
8725,264.6992239309488
8726,166.7052876972243
8727,512.5639678028411
8728,71.46663601981037
8729,266.6480392337811
8730,351.489826172874
8731,153.8917181539184
8732,599.5705821674705
8733,188.56301507259082
8734,179.6497798619468
8735,296.4067658201039
8736,72.49167494196816
8737,77.01317743709258
8738,81.48069132377753
8739,259.2322591028792
8740,565.660225445678
8741,154.84427163998836
8742,236.93472284323613
8743,174.78489921992335
8744,234.76978860113607
8745,212.75593147976875
8746,152.48421918819275
8747,177.73207478927878
8748,99.95974206674744
8749,721.7420819746309
8750,258.8623157714022
8751,208.02220180960407
8752,170.1313986824511
8753,211.16897938639048
8754,104.82947239928481
8755,314.6085070930444
8756,207.3393540506398
8757,252.40281316411452
8758,261.48513679267455
8759,148.65071340983653
8760,112.27721414445422
8761,172.69850096799885
8762,146.62112663290702
8763,117.05119483437961
8764,201.34199220593817
8765,209.97067774516236
8766,174.4174241715389
8767,117.55821070279117
8768,136.8659044103365
8769,213.2955204825179
8770,292.6990274608794
8771,385.86348630443075
8772,108.13172265994287
8773,55.55398272743762
8774,156.8679970668118
8775,121.74735773619975
8776,177.31528224867816
8777,265.62342057699755
8778,303.79252196813235
8779,175.30280829051702
8780,152.97382166823138
8781,631.1209873852395
8782,274.4417048201001
8783,129.6764920854524
8784,208.0262190413756
8785,137.8169145126239
8786,493.68556208544663
8787,217.242004854325
8788,207.01340566645425
8789,57.49264889908476
8790,74.53710546746377
8791,373.41191663133685
8792,186.83307838417352
8793,361.9080604934791
8794,91.88257971357258
8795,111.29359387147801
8796,197.0775022813735
8797,240.70648228735936
8798,191.26936561514626
8799,339.68168169721883
8800,166.91727360638632
8801,192.43099742424414
8802,463.5421240938246
8803,403.5319632442882
8804,76.92069829904686
8805,176.89332354674923
8806,170.69087889409434
8807,187.93349545313444
8808,150.4921260423103
8809,79.53612900905708
8810,740.2378253809661
8811,124.23356704025485
8812,194.11708718499722
8813,188.01718739246635
8814,118.16870373375274
8815,111.77465801583152
8816,111.473306693235
8817,114.98376338341656
8818,156.23636924114325
8819,73.88858034193491
8820,525.3411960753599
8821,225.3230674556865
8822,176.76898925186245
8823,276.7258510452174
8824,129.32214815270115
8825,454.383084551827
8826,354.0034655910692
8827,414.8167401784586
8828,180.1153538692876
8829,82.56789889051392
8830,125.20801760497349
8831,144.0892276989729
8832,260.16169470385216
8833,91.77757406680828
8834,388.15567567984834
8835,208.25506542110904
8836,331.4329507739599
8837,218.31487611679293
8838,280.83551775782047
8839,155.38938133493184
8840,197.60805395163237
8841,88.1714807751858
8842,180.0614088545002
8843,144.4930695003617
8844,156.07492727534273
8845,264.1943810351631
8846,150.97311334170462
8847,262.65040323981424
8848,202.77996188107136
8849,137.66703735864053
8850,61.217287270064276
8851,426.0730774484929
8852,230.80079918242402
8853,151.34059644598017
8854,305.9126206031643
8855,221.6632505099197
8856,562.6334694554773
8857,209.21402954335727
8858,140.82830852989167
8859,55.09272443174996
8860,328.962350173352
8861,90.56744910198303
8862,193.69814560402898
8863,177.25845016999764
8864,94.01031409172948
8865,124.45673350629976
8866,150.52468994723432
8867,306.0226331324826
8868,85.6813521621462
8869,188.04364326722722
8870,279.17108018620144
8871,107.93957170466825
8872,93.65182098809696
8873,172.43224533130478
8874,345.45072631216703
8875,159.26408163678047
8876,263.0253105022862
8877,184.90346249610775
8878,138.12278424041185
8879,196.81249266130604
8880,227.08497891858883
8881,209.81163399409616
8882,184.06455387915403
8883,196.3446366519853
8884,207.8145215894801
8885,237.10676728516708
8886,317.03504234985485
8887,85.77844591421291
8888,171.00430833658282
8889,178.81513253850198
8890,311.54035215927047
8891,136.40728814184254
8892,83.55380270447898
8893,429.89823158896985
8894,364.77850515263816
8895,208.458224941448
8896,352.5310474838871
8897,122.17353528237511
8898,121.7250009661541
8899,109.24980742223742
8900,216.50004870465872
8901,167.90901591602488
8902,209.62231635638244
8903,198.4022942272533
8904,192.13587456994682
8905,149.17157001917326
8906,126.57328653575964
8907,284.2987174291171
8908,136.02308941870737
8909,175.40398383552852
8910,148.20315138691018
8911,210.28774531703272
8912,139.98581131871055
8913,102.79110592218684
8914,234.6146701948013
8915,641.4204426678622
8916,394.15532219472635
8917,178.95570649231954
8918,89.5705288820106
8919,476.43814546178265
8920,131.72568172630463
8921,506.9669567714719
8922,86.25094176721186
8923,505.8519754824499
8924,73.70272492590368
8925,59.81216938385843
8926,232.0150899025643
8927,79.53476782391391
8928,462.25149795239327
8929,155.18967393575906
8930,313.8597777368872
8931,226.15340940077922
8932,56.41137334545143
8933,207.10845588245434
8934,139.1066526941412
8935,251.960771379538
8936,641.5720274932019
8937,179.39530637008366
8938,259.26860732257785
8939,207.54459041485688
8940,194.12736279258058
8941,174.0322597934253
8942,51.29148716559908
8943,219.68780261061036
8944,186.75595270775844
8945,306.014010856371
8946,218.0864603093423
8947,108.06512779352289
8948,762.4156744029966
8949,386.07951661579193
8950,238.24550428212552
8951,311.09424784038015
8952,222.87843145772246
8953,445.20200993949754
8954,370.93248828223943
8955,133.23477709789847
8956,166.2702837183782
8957,488.3915430840396
8958,203.86575543314783
8959,498.1877787207631
8960,430.392800836345
8961,127.20460004028169
8962,439.43922178034626
8963,389.072046668852
8964,164.88233512509072
8965,251.35990080643987
8966,158.02347726331698
8967,176.92285058271344
8968,444.12748699377033
8969,65.92326166770056
8970,170.4548555321677
8971,146.79193759696926
8972,126.41738771146251
8973,169.23289141490054
8974,232.12168017177115
8975,379.32642529071865
8976,219.435196443965
8977,297.64900553253545
8978,239.22295824791547
8979,496.59754130478075
8980,151.07120876110648
8981,172.55734406586149
8982,525.4345126701472
8983,194.47997614213932
8984,225.77732715848285
8985,174.74066843588298
8986,242.285793905809
8987,118.456650993369
8988,526.9513069433657
8989,347.5240548485278
8990,171.98385644156147
8991,259.5141263107716
8992,82.37723066320935
8993,478.04082319967273
8994,135.15400906928375
8995,67.4816698733253
8996,830.2319918564139
8997,120.13995603704986
8998,483.3717912903675
8999,187.76001235690146
9000,143.09687356300006
9001,86.3424209475542
9002,146.84883133663993
9003,247.82981245485533
9004,77.09011571574008
9005,96.93984342762452
9006,200.8572732504497
9007,75.45466005003196
9008,203.6302746545682
9009,68.00545999217644
9010,84.00212454265373
9011,176.7041052038447
9012,248.10649609129558
9013,189.84789897641406
9014,192.79222494638253
9015,60.74287545236858
9016,165.64515378999937
9017,111.47709356087368
9018,86.11191557275662
9019,253.8231428602138
9020,71.57804663664157
9021,70.7620720796218
9022,152.05880127864032
9023,78.8253988548767
9024,178.56731541725412
9025,225.93714374117337
9026,59.6770619436809
9027,130.17880236240862
9028,177.1255449747216
9029,113.8741450350245
9030,777.7530601201107
9031,123.25835979791593
9032,188.16418297793876
9033,200.44881120528106
9034,226.3443981593169
9035,190.23633172976332
9036,108.76749844909992
9037,187.0939488454782
9038,151.48172471479938
9039,188.55255182779368
9040,98.38983584406614
9041,185.88325936309403
9042,133.51312732869405
9043,250.1593976200989
9044,255.8685564631282
9045,223.28813416437657
9046,337.2184655480585
9047,65.76242657927557
9048,193.76592047414096
9049,68.37941205094805
9050,187.47505553783603
9051,226.7542985142748
9052,111.10843825854548
9053,115.33695316257256
9054,83.59107521670379
9055,117.56865751443783
9056,304.0893511469844
9057,126.90250476155309
9058,161.9658131165532
9059,42.992049603679625
9060,163.4951309647155
9061,59.90055224304248
9062,192.225698257393
9063,225.3787983025144
9064,139.26959906194313
9065,138.3840339923901
9066,480.79824196324233
9067,172.63292549577392
9068,80.91021202948495
9069,271.6937892192399
9070,71.30081838007571
9071,76.56581052282667
9072,255.5216563097872
9073,74.35271237248018
9074,260.16320875421627
9075,263.01925093662635
9076,211.74826048229568
9077,349.1043718029911
9078,229.82376717713714
9079,382.34303658702913
9080,106.66111913679251
9081,161.2082167191983
9082,198.08719088662184
9083,83.82865682045583
9084,219.4962254199285
9085,152.1627756316037
9086,99.89883300329176
9087,298.707971138081
9088,288.30851915152306
9089,331.7091216828716
9090,188.0023909722129
9091,169.68890570309574
9092,211.0061353807619
9093,196.60015113952193
9094,198.1923710966349
9095,283.89900314675316
9096,266.3929303441562
9097,56.17593772998473
9098,243.0743130670306
9099,115.60926881532868
9100,198.87514786269858
9101,151.8759573429377
9102,104.87104987554349
9103,86.39658703407835
9104,226.92034302447274
9105,222.001996202961
9106,344.55342368328695
9107,61.617144314768176
9108,200.65302414362105
9109,397.10638603413315
9110,205.00169140834922
9111,201.08659595019054
9112,106.90592045764966
9113,178.68663114906806
9114,120.30512793439247
9115,131.17956194969605
9116,60.90401218909148
9117,171.2998732896483
9118,245.80662563510637
9119,60.248754674047795
9120,301.52095602901534
9121,136.23986172889536
9122,149.39552675144827
9123,225.16713911618575
9124,143.64299785944294
9125,77.40712920823653
9126,306.9430640261117
9127,259.95701855620996
9128,164.141257288346
9129,54.42531935454006
9130,79.3268919224583
9131,271.6347737361396
9132,156.5052961277583
9133,63.52224680295268
9134,196.46346800751795
9135,84.22101343314644
9136,226.37071392604543
9137,166.3345357037629
9138,214.96717295339982
9139,88.73941353593307
9140,74.50525018638201
9141,127.0129691456226
9142,155.9258079834773
9143,58.09265081643814
9144,333.0381539908864
9145,295.2745468705338
9146,86.3932200683279
9147,133.27892048082919
9148,293.52460682247283
9149,759.242030072568
9150,92.82158832275192
9151,100.67224463607707
9152,136.84750680607092
9153,152.08689108127757
9154,502.0623925536033
9155,175.3136051489395
9156,163.72691845561
9157,83.29283854066375
9158,205.8348405179152
9159,66.95813775446108
9160,150.50664176933142
9161,151.63715926151565
9162,213.92128768994073
9163,148.3525730312808
9164,142.42240698928637
9165,128.0266542139267
9166,183.9798558590707
9167,158.82422727828285
9168,97.98719815844058
9169,75.57922530657339
9170,86.09149092198393
9171,378.37737852864086
9172,108.45590167908425
9173,160.07153149758923
9174,742.0972931564323
9175,728.0357770746997
9176,79.48121520664546
9177,79.1016514913142
9178,269.1109696350758
9179,65.19437653928419
9180,145.96917926796493
9181,84.31914328318567
9182,57.663242754778715
9183,155.77365029704376
9184,289.39030778436955
9185,89.47859181407287
9186,165.38423875743013
9187,73.51296261647987
9188,220.7239814229607
9189,212.45741460684135
9190,61.71357438984814
9191,88.9766689360791
9192,222.15850536109951
9193,233.98344583379625
9194,121.86386140753496
9195,232.06622490339186
9196,202.32350880676378
9197,143.27205933094382
9198,124.04382468221081
9199,298.23363255406434
9200,170.63509844711405
9201,149.47148806356492
9202,239.26934644121607
9203,196.91500465167275
9204,320.2002508270008
9205,285.26974104504603
9206,122.26434741262364
9207,386.63761420544284
9208,301.7352077411046
9209,93.59440551378115
9210,180.23467530305675
9211,262.7401830792743
9212,126.9821870283168
9213,269.2391100443097
9214,219.87125883400984
9215,215.0734964324621
9216,82.23833980865703
9217,160.72932770853362
9218,161.3228956104138
9219,192.83272310123326
9220,139.63702913499696
9221,384.7677446762017
9222,392.74726727568725
9223,73.04765946806376
9224,89.76200715249415
9225,161.06577850500108
9226,232.8936407258868
9227,111.82948670737413
9228,196.95129713226666
9229,151.43040010810105
9230,223.94164737336942
9231,469.98939549398364
9232,123.8372155357201
9233,128.90487011265466
9234,272.58313613575933
9235,61.19028679167867
9236,167.41720692227165
9237,175.89659718490617
9238,106.47274609390898
9239,61.89361760512057
9240,91.15542386596411
9241,436.3911441070579
9242,53.74108059093156
9243,188.88723435798596
9244,263.1029286701114
9245,149.58808315477717
9246,199.889052674227
9247,76.89534131254739
9248,303.2051099521676
9249,87.94502227803613
9250,76.07024670637209
9251,160.3498758019111
9252,467.31072687634145
9253,204.4152801462937
9254,127.98684453792885
9255,553.4095748258035
9256,107.77714316047934
9257,88.04572076108464
9258,140.73326456150255
9259,109.31140160531488
9260,541.3556849507596
9261,86.1609440204667
9262,235.18850208608018
9263,59.51034798492063
9264,255.99411798457663
9265,154.4457814063639
9266,55.19754689493764
9267,156.55529403707675
9268,80.5198815334821
9269,122.8411070503984
9270,150.3746884896348
9271,144.33656177791218
9272,73.13741349793236
9273,148.6553144685604
9274,105.86833212188309
9275,110.42202281980848
9276,68.00425512756206
9277,73.64039380494624
9278,95.25223459578044
9279,384.16011701518084
9280,130.18340835092468
9281,77.19741157015567
9282,204.7402415722696
9283,183.06446832850182
9284,72.57034662930307
9285,168.3904266079687
9286,85.43550149942786
9287,195.3194736825394
9288,119.65174181932628
9289,76.72621447153772
9290,199.2271169793575
9291,236.84485376632202
9292,311.9547552011199
9293,161.3277523550981
9294,489.63065877606635
9295,94.90806269326028
9296,336.3213325178163
9297,186.3428426343461
9298,143.8067634192895
9299,151.65903677389798
9300,146.47587512153683
9301,295.4865737002745
9302,196.35962040741282
9303,265.72979738021604
9304,80.08742225326225
9305,146.6761720512208
9306,83.10054705340913
9307,558.0046310831862
9308,657.0635341762977
9309,227.78557947075512
9310,175.44184796996547
9311,119.73457394342681
9312,278.90483136252953
9313,64.50904843386495
9314,252.53722070643752
9315,189.39047123401903
9316,485.05586951487015
9317,72.1175693565609
9318,122.04455969640662
9319,147.20831752324167
9320,232.78992963141482
9321,68.21366955675784
9322,352.48787504043725
9323,98.72881110689852
9324,131.34143995289054
9325,166.24973253714322
9326,160.88757727797815
9327,59.22331946718529
9328,356.9172333643794
9329,75.51157922349356
9330,149.65729894886172
9331,468.159988662367
9332,140.9684962391745
9333,82.5540915342206
9334,66.38276530330178
9335,388.9489373641592
9336,52.853359719824525
9337,151.28983872262828
9338,152.56008025700785
9339,181.21324030121463
9340,89.24985197968813
9341,219.094603119711
9342,371.9622631619185
9343,152.741721257354
9344,250.27935846282531
9345,135.21015724616586
9346,209.62116122757678
9347,211.29585778908185
9348,346.8219650750486
9349,129.78073720260593
9350,169.19281587057773
9351,254.20815959259002
9352,82.15801174097399
9353,71.28530613500324
9354,153.94321310030398
9355,182.09051256593673
9356,231.27671642174766
9357,260.4780988537846
9358,421.2128180474636
9359,263.6089502700046
9360,224.70193884508288
9361,68.44016347507106
9362,72.07413683196219
9363,157.70141688891292
9364,215.3817601149776
9365,142.23321557142629
9366,99.24837555225137
9367,715.056483111447
9368,162.54913759692909
9369,352.3749268242437
9370,189.61677339394288
9371,97.09127334766659
9372,99.33512113110397
9373,120.40425598546929
9374,720.7205959602945
9375,793.3076803675275
9376,193.2238083225454
9377,40.7900981157178
9378,167.84481234937525
9379,241.77115196287696
9380,426.3245377543231
9381,323.64584935523646
9382,141.3118293998373
9383,247.01167987934144
9384,63.294796751026965
9385,143.52722017578975
9386,619.5938100082726
9387,210.94864142122796
9388,214.64353235043387
9389,222.19008545402792
9390,254.01001931904636
9391,362.4438037857879
9392,413.19555736929567
9393,92.33881700999147
9394,170.62449274735465
9395,195.26321841763513
9396,74.58976700820232
9397,404.2627506634336
9398,702.2299866291258
9399,151.2504227757801
9400,180.75159849815168
9401,105.15800077371331
9402,124.24620067339555
9403,82.0913180030331
9404,441.7867589596965
9405,219.6573080240353
9406,358.52160988739683
9407,110.09981522881502
9408,428.31309088034186
9409,75.51534075765336
9410,122.82361196433769
9411,177.23397039142873
9412,166.68858568909863
9413,336.43569749628847
9414,70.50084681956584
9415,174.00768832968728
9416,607.6659662083767
9417,55.70606602514597
9418,120.00924253832993
9419,255.78031171389773
9420,56.63923554574556
9421,204.28825428091454
9422,211.6372585465919
9423,351.3173748795386
9424,62.79323600034084
9425,86.80789691939484
9426,318.7239242924732
9427,163.56244122894526
9428,192.97929150094606
9429,207.8530076557179
9430,144.99472200752922
9431,326.7058053759718
9432,157.68238106117678
9433,116.7730964830759
9434,170.74682632560058
9435,66.49380471215412
9436,98.55617777410488
9437,92.98135498701937
9438,202.15687222346597
9439,178.618110024393
9440,255.9358467170971
9441,268.52212960111103
9442,130.7696657643784
9443,67.69149063365464
9444,169.55958157006296
9445,174.9115989534808
9446,234.80871273471072
9447,178.76865106610418
9448,439.947152246435
9449,176.48499733175848
9450,73.05070019675101
9451,106.73180394757794
9452,222.34482537224963
9453,55.83146916703782
9454,115.50211301353859
9455,69.45264592279152
9456,49.84502562822642
9457,177.57557277369767
9458,77.4616275375902
9459,185.30360343790147
9460,212.1651112745266
9461,141.7696065046018
9462,72.63588984809519
9463,152.46076926521647
9464,235.66911989027335
9465,140.87369796550408
9466,54.827348109665124
9467,61.570365945228474
9468,209.7452770840564
9469,264.71520799674636
9470,158.8722033412066
9471,220.1076812940828
9472,69.49173847959703
9473,163.72737971139713
9474,166.84386011641658
9475,86.16432880961361
9476,601.9458663629165
9477,199.08931142614856
9478,80.01127224087705
9479,196.13125184114762
9480,202.65884131247748
9481,235.9139250035801
9482,124.88131508441052
9483,260.9731083481647
9484,205.02102462375464
9485,77.69711670013542
9486,79.35612946344129
9487,207.01256770265348
9488,345.58759699643963
9489,206.73128330023917
9490,303.42643183696083
9491,563.0930994180646
9492,88.78677719300364
9493,324.26389602664625
9494,158.56697873540617
9495,146.84622193580128
9496,52.655747493757644
9497,142.37560670159166
9498,93.07466763025388
9499,49.727055437659644
9500,198.39594277867934
9501,95.80440472659463
9502,89.49530365064528
9503,152.653035344238
9504,286.77767170689367
9505,98.22442814920078
9506,237.04082960732717
9507,145.57596387489883
9508,111.54540819870459
9509,114.0323804857211
9510,647.5574340483053
9511,84.64781369752953
9512,168.490802416058
9513,64.84988541354113
9514,294.4801732787962
9515,390.55216806309795
9516,73.07430436406256
9517,96.47240176836867
9518,68.76492217777326
9519,157.58375005563164
9520,155.36336152794436
9521,75.5758755038485
9522,76.69760955261711
9523,209.91097001414488
9524,88.09874147130311
9525,179.71954029904146
9526,126.095475042395
9527,167.3833938690395
9528,57.28101824666877
9529,78.67053745563618
9530,187.64728422428675
9531,509.8427221329631
9532,67.84010728191193
9533,587.5626197216834
9534,79.76582916197682
9535,79.5993147072122
9536,315.36633540287085
9537,245.94670282692425
9538,75.2639715397447
9539,86.28803148610062
9540,240.05103656569744
9541,241.56545628116322
9542,326.66890816378117
9543,204.41334622585003
9544,154.20066562937066
9545,128.86150722459763
9546,86.99224452995303
9547,52.38455385758245
9548,114.98243814422568
9549,82.62145189393132
9550,226.69611105882603
9551,136.569388408103
9552,105.8980640945338
9553,188.51017748567395
9554,171.62769123827115
9555,80.21347440695969
9556,99.82101199756491
9557,194.9370374256988
9558,73.93994785509669
9559,98.7054005609237
9560,329.4965221289467
9561,145.42059896753454
9562,138.398733618662
9563,179.3354256896093
9564,494.4851182577364
9565,147.48165830638132
9566,135.14800650722134
9567,67.97320948096093
9568,437.4460348971915
9569,45.110118188282996
9570,114.1859721894757
9571,161.54195240554486
9572,90.46890431394746
9573,134.04500977997276
9574,148.42330512726355
9575,200.61326672798583
9576,187.5672199755072
9577,180.7570089905782
9578,169.9024330379295
9579,208.40495393417814
9580,55.57848862458421
9581,220.62308795184026
9582,271.68072333367786
9583,299.87935514007614
9584,51.15009217966472
9585,272.4217211031193
9586,68.52323079787693
9587,95.15477324925472
9588,50.508765677844025
9589,182.672630334337
9590,538.6560875956155
9591,352.19030488772427
9592,47.627752501217564
9593,360.27806289186907
9594,198.16549292316066
9595,72.16777576716414
9596,170.65413695847244
9597,81.8411297805171
9598,65.8027064765459
9599,182.6256836360466
9600,226.4423008345461
9601,57.644054842823984
9602,165.27395880788555
9603,622.9165370388358
9604,279.0261286358596
9605,377.6235156863018
9606,84.62647813877369
9607,77.02134000847147
9608,60.02189376378
9609,61.8400581942802
9610,55.98311504712579
9611,150.97276891797105
9612,71.82665395110872
9613,62.284796261776314
9614,245.76331829145002
9615,213.51394352158994
9616,99.37660915535206
9617,73.26800385576708
9618,99.49204773112993
9619,268.357422090092
9620,451.92192978334924
9621,850.7821074714592
9622,198.22270035190138
9623,219.54239219496125
9624,188.92257397126008
9625,129.14274998679795
9626,72.98018233994705
9627,211.23865664493297
9628,801.5252175563412
9629,92.2039500473316
9630,145.31152675548725
9631,82.60266091404472
9632,304.600457946835
9633,194.06170717802058
9634,152.18214232420067
9635,196.71225295183774
9636,183.870610624818
9637,70.8481893507934
9638,244.50350299656031
9639,54.2681377250534
9640,261.81862461548457
9641,148.1462873576837
9642,80.8623455392172
9643,161.82648870012542
9644,162.29998546195924
9645,209.35658231704187
9646,188.15857440678977
9647,212.247983880741
9648,292.8208231387556
9649,99.83785992550543
9650,93.07773851466813
9651,81.9074173306636
9652,240.34286161049585
9653,168.78447632889313
9654,187.50941612539447
9655,237.2904825264982
9656,106.80365637477108
9657,91.1955740552011
9658,252.66113571826432
9659,352.2506097468393
9660,237.8321078417106
9661,256.03099463932364
9662,104.34748764346575
9663,222.22977370396637
9664,139.04005772792152
9665,100.42858700076691
9666,168.786253889099
9667,167.5550949144489
9668,366.72746684384003
9669,133.06927683037807
9670,165.4416173570404
9671,181.3076921611478
9672,144.09823814455476
9673,156.7487077779799
9674,679.9159465695469
9675,265.83961563589634
9676,609.6147854583031
9677,179.99642848341296
9678,204.7781749987424
9679,62.917433142092136
9680,301.02368473824055
9681,222.75975837845175
9682,112.9331101422206
9683,120.14020973717572
9684,222.54038214423173
9685,151.89590023001497
9686,142.98078546360563
9687,126.776722198298
9688,243.31769800842025
9689,182.31512829206008
9690,305.1737310957033
9691,218.59779314893356
9692,93.75346067424702
9693,106.96156985984439
9694,145.6676707852967
9695,85.78809558523636
9696,204.59326647016044
9697,245.05795519803752
9698,81.28510724966415
9699,310.00242894132174
9700,712.5789204593708
9701,160.50030674997652
9702,149.27362237002993
9703,160.81571640862623
9704,152.51561894677988
9705,75.2342674403326
9706,73.27510820382422
9707,133.91351591527217
9708,77.28362010547744
9709,95.94901167915381
9710,207.86097760855318
9711,163.7428315126895
9712,632.9779455991245
9713,52.949334307191634
9714,261.3000428351659
9715,73.43775124821676
9716,89.60806395048296
9717,139.67165778896862
9718,338.9414636568868
9719,683.6911132714307
9720,130.40322983616375
9721,154.03444584568987
9722,118.95949239329514
9723,205.6998252399895
9724,124.93051152501401
9725,84.63394952485662
9726,320.4397060578376
9727,166.5354572176419
9728,284.98433843864717
9729,86.25082585386507
9730,84.58826860098975
9731,256.1663153727976
9732,609.1656552825451
9733,172.52541438616666
9734,726.5669206716672
9735,120.90578220469882
9736,100.74258837275478
9737,490.2666080713108
9738,148.38407304112064
9739,137.29971755122813
9740,129.14985210575864
9741,71.67848571142126
9742,87.03830115647068
9743,233.83467226401066
9744,162.1223450073637
9745,223.49944482414898
9746,178.63204060232744
9747,154.39015039513663
9748,255.99079150766585
9749,410.5114970602469
9750,52.06581844401442
9751,110.2338891412051
9752,58.03633254016509
9753,186.71065786331036
9754,113.05266101232309
9755,121.1441360312308
9756,194.73010853377878
9757,313.4077981539388
9758,114.28552161446376
9759,119.20316235150041
9760,166.93311632736715
9761,175.6972468037405
9762,570.242655065926
9763,163.17353269852157
9764,100.43584725942743
9765,141.759106454585
9766,126.00442184621701
9767,371.4180906246737
9768,308.5334471672399
9769,162.80864717993177
9770,142.3499939683495
9771,157.5973403374297
9772,70.81144993402837
9773,513.5830403828984
9774,69.06659166492818
9775,96.91885530740815
9776,67.79004042327738
9777,76.88997784001461
9778,206.15221620183004
9779,691.7719477603451
9780,306.45442794229916
9781,137.00754450179767
9782,50.6508319689396
9783,59.88340142647499
9784,197.6912184516218
9785,472.01024668655845
9786,72.16312637978102
9787,191.61319492488292
9788,165.1262793330989
9789,77.07369117823107
9790,187.53707590106765
9791,164.12824487679526
9792,100.7945385287627
9793,116.14477969306087
9794,53.86151498339574
9795,295.5906647304872
9796,55.069020035734354
9797,62.26132052195732
9798,76.7863761092539
9799,282.48798908798886
9800,186.4800294508148
9801,197.09856007060336
9802,113.4529725551785
9803,279.97801076205553
9804,261.1821013855976
9805,280.8070642991269
9806,217.66695277528893
9807,171.5980710016323
9808,57.817378036901154
9809,219.9485223025033
9810,248.345054290057
9811,216.37955489411692
9812,61.269682210560475
9813,181.87501112615
9814,134.57568496075646
9815,424.75703645780453
9816,62.13569619968927
9817,184.35510314888825
9818,106.83938801397072
9819,275.16263443531807
9820,166.68351083498735
9821,76.44043675240378
9822,129.79409351854983
9823,164.10309168182036
9824,93.13401362430947
9825,122.15442619110097
9826,198.91566152054304
9827,112.44492306415835
9828,66.07102756776989
9829,212.16438227562244
9830,159.19731442087593
9831,161.2203329509273
9832,91.0256912145225
9833,295.7806705251543
9834,64.53133287236922
9835,217.73130054585718
9836,331.7023323865969
9837,486.2376970457951
9838,72.70936114179514
9839,56.01060751645961
9840,87.10714076052996
9841,165.53693083950793
9842,129.54607327499033
9843,273.47149223310515
9844,180.86733030487702
9845,57.46593840197712
9846,79.56375574849362
9847,156.32903590535872
9848,244.71216897273678
9849,197.41981617236277
9850,116.097746469979
9851,108.6603807871373
9852,156.32677582057445
9853,194.14830461228485
9854,217.14689781893875
9855,114.66538023256331
9856,177.96230244546123
9857,292.88820310390724
9858,72.20245153375144
9859,157.0207238899239
9860,154.0117842394106
9861,111.7195959668516
9862,67.36552433371051
9863,217.25018996179696
9864,149.5669082594004
9865,156.96844493131775
9866,295.5059102891832
9867,294.4283336931357
9868,93.50263207019755
9869,400.636316721482
9870,62.403637161332604
9871,207.8100783894488
9872,73.41615425697047
9873,219.5450599876192
9874,201.4941694884178
9875,213.11886112157612
9876,100.6960909540198
9877,223.8035510428414
9878,247.21578153380167
9879,273.29522596903365
9880,76.53229661723645
9881,57.47394036743054
9882,157.50536128236678
9883,214.45789044706018
9884,143.35051660539787
9885,228.46077469301332
9886,281.2464109926368
9887,186.0588467987626
9888,207.3276965649328
9889,135.97579289262634
9890,162.3083493877824
9891,92.63156867640978
9892,196.68401132991957
9893,146.85485292206167
9894,77.3406642450141
9895,58.871856106318624
9896,92.20029502537004
9897,341.75373669142255
9898,134.7978083378643
9899,333.73183079969624
9900,239.4292614977271
9901,217.57430122005874
9902,224.59717689016347
9903,80.24964511438986
9904,134.3874688582274
9905,162.1028841465375
9906,364.51276935430707
9907,217.06254261417016
9908,424.83760576056363
9909,82.4323882484102
9910,263.5028488792849
9911,160.46886817191898
9912,80.60245578740823
9913,98.44419958896879
9914,225.3046508829963
9915,171.8129874806522
9916,77.3091030986842
9917,107.0504724330379
9918,187.88669653771467
9919,317.2224444292488
9920,63.000678558153126
9921,104.21107209803255
9922,109.90112012210314
9923,154.10637197843678
9924,95.07580707561239
9925,116.20883205711966
9926,161.9495065144011
9927,227.20173563191156
9928,118.78859019398458
9929,126.65411484098385
9930,587.0282423914156
9931,66.12892723635723
9932,336.8601578907345
9933,223.88137292435545
9934,89.96366935522485
9935,322.772496200265
9936,137.38822106218925
9937,206.51604864277917
9938,155.24522916555551
9939,63.84076326983697
9940,240.30601723334823
9941,565.8261659680425
9942,219.92766033837773
9943,51.967526581451466
9944,247.92785202066764
9945,224.18759463812788
9946,107.91853765345859
9947,604.2583276687535
9948,141.83328476651513
9949,152.7810751503006
9950,504.982906732745
9951,89.85376981101506
9952,158.79631288066633
9953,263.10219889379727
9954,218.07638176190835
9955,138.5292805807814
9956,212.358117095171
9957,65.6265956958351
9958,240.6837048241865
9959,191.96235377032218
9960,140.87547472034484
9961,144.24326949079853
9962,260.68384999263236
9963,92.85257966972165
9964,91.93518985553932
9965,61.30904611952964
9966,397.7946897459858
9967,87.2174666239881
9968,424.4986933955226
9969,55.77559136909976
9970,140.52268716992512
9971,232.01928925357947
9972,48.2835943119741
9973,61.76169022432312
9974,366.18108761169884
9975,183.85622417109542
9976,50.148477248095475
9977,319.0378695240774
9978,191.81604696381055
9979,60.56520340342492
9980,326.74275217987235
9981,155.98498599535796
9982,173.62313361747627
9983,227.02219045818393
9984,250.09992935738768
9985,127.65490108932653
9986,132.5102325620302
9987,208.6481546438551
9988,134.9474950685932
9989,157.93018974305684
9990,184.80467435940008
9991,75.6803525616471
9992,111.10163304611483
9993,224.08041439648915
9994,244.01249372145284
9995,86.12674111486176
9996,171.36093398522027
9997,489.5020552425258
9998,111.92302574360275
9999,175.29577657841926
