ID,pre_price
7000,187.85058633210238
7001,141.0144568522876
7002,96.73149967096658
7003,122.2889602830667
7004,143.59701194709749
7005,110.56011866294135
7006,101.81279938778364
7007,134.09685692349777
7008,59.41683149227072
7009,240.81653514728038
7010,205.95457662118181
7011,233.51375914951407
7012,141.52765019999174
7013,334.8128806004965
7014,176.19463121991254
7015,190.87679906681873
7016,207.5389415191746
7017,109.4578663057791
7018,354.0120251915016
7019,323.5400031242492
7020,364.56567909852754
7021,535.3308922214638
7022,252.60959423343866
7023,156.52114381153964
7024,223.88053279025985
7025,173.1366334744847
7026,261.6472289469018
7027,146.32230026372875
7028,291.3190570563572
7029,273.79232139758864
7030,83.30131718467108
7031,237.70798360848994
7032,72.71483615409686
7033,116.4409086437174
7034,73.08223812483186
7035,114.12822782377586
7036,228.47112450072515
7037,224.8122184884114
7038,175.78296602243947
7039,185.54060511346265
7040,623.8181998020324
7041,210.51304476113356
7042,165.92613263062336
7043,223.62293407823788
7044,81.1472830048051
7045,476.0487676424306
7046,67.4955765201202
7047,173.85269013406648
7048,166.42249824225144
7049,82.59435623688785
7050,148.02220929013296
7051,552.0596062610249
7052,143.96806518299388
7053,181.25126207766786
7054,351.992477856919
7055,170.24545462230344
7056,122.8674247111434
7057,118.27108189177507
7058,114.76142177660259
7059,428.14415638483865
7060,237.556337990455
7061,248.6450217242343
7062,104.33784937478734
7063,198.5397501299066
7064,83.51052542844572
7065,75.64421985249679
7066,153.1323920332836
7067,155.74514626111713
7068,63.58357751316322
7069,87.51436422972502
7070,146.46074062491581
7071,243.10478977662973
7072,83.874870289067
7073,582.0622043211605
7074,191.4511846289035
7075,318.80098003153813
7076,394.82629081276036
7077,135.24099639858372
7078,46.38577808318078
7079,103.92936105567979
7080,196.73298985221209
7081,186.09734813708513
7082,98.93341686774733
7083,120.99508143047423
7084,66.27072160479231
7085,189.63932003146957
7086,357.1192083373145
7087,172.88827178412774
7088,122.87660667365815
7089,393.97709434889316
7090,418.5831059424738
7091,115.26214413579629
7092,273.6642110526352
7093,159.4627281293293
7094,203.21628568930245
7095,360.61716102459195
7096,165.92396365731568
7097,431.7129370331638
7098,337.55967527631924
7099,125.21488608840527
7100,307.9233823058854
7101,186.45164028413197
7102,71.91521226325152
7103,198.12561867154463
7104,223.5200331137111
7105,187.0846169373598
7106,240.22413739467922
7107,244.74123592464233
7108,136.71203248022553
7109,186.52840717437792
7110,127.6802234033751
7111,153.0621115310469
7112,302.2412227443128
7113,310.7014785247494
7114,152.9684051336335
7115,336.38960466121796
7116,570.8624254676032
7117,160.51452727216068
7118,211.08387395941924
7119,248.6477202746694
7120,210.6703180267707
7121,629.1682214817191
7122,315.91076355447296
7123,286.1341315570172
7124,180.1904930108571
7125,120.38663862042118
7126,148.69512463457173
7127,306.6423640362141
7128,195.58178607330592
7129,149.81674379346018
7130,107.03557406509049
7131,89.07539663876867
7132,439.47259107890176
7133,355.2501831704758
7134,233.88863809716037
7135,42.22264339298762
7136,209.45580208685027
7137,324.00694859804497
7138,105.31588933416553
7139,139.81786019002445
7140,68.54214247861337
7141,133.06318330828242
7142,228.03262279309112
7143,163.44213927942073
7144,65.13162886660683
7145,328.97528757692106
7146,221.8247375841051
7147,174.0024417753085
7148,50.63423086971681
7149,568.7431705023707
7150,245.86890598970194
7151,184.6981834965056
7152,315.739664392763
7153,162.41351740890423
7154,192.25241665418324
7155,184.41217314746297
7156,186.7896609139807
7157,105.36955716776578
7158,167.4369282362877
7159,177.83557279445725
7160,151.198497507796
7161,159.04467634297396
7162,125.69161844074962
7163,54.75136205290154
7164,240.3490656675329
7165,533.3250232308412
7166,105.13057969853888
7167,403.56027213706085
7168,443.70761248861936
7169,818.9085143958752
7170,136.75582205793367
7171,161.83923391306894
7172,84.31470898315021
7173,50.34386309872601
7174,254.7628028478871
7175,115.30903022008992
7176,557.7236808676755
7177,285.09289902502127
7178,190.53214932147506
7179,163.5365872221076
7180,207.90178329006963
7181,221.180350562574
7182,207.28448862620633
7183,276.0402238084223
7184,51.57334567020233
7185,174.6209518438786
7186,555.8739591510493
7187,160.7483421279742
7188,383.13638331995844
7189,250.99442416955463
7190,56.971809656868096
7191,54.164757294924726
7192,237.85023470256363
7193,130.09203001071523
7194,340.1701564800477
7195,116.63698724480207
7196,41.50091732007824
7197,110.38244305129864
7198,310.3752851773729
7199,234.5667105877676
7200,108.41520653386856
7201,155.81751507472276
7202,391.77325221672294
7203,327.2728330365314
7204,122.26717571931052
7205,130.27483866526777
7206,122.92069997428293
7207,268.40270396836434
7208,146.76995083400544
7209,191.9582774601124
7210,475.4833257616138
7211,161.12725009488028
7212,276.7152700703504
7213,356.8370770774164
7214,194.3959642286031
7215,132.35992162000997
7216,279.56871292061237
7217,130.80763997968413
7218,159.18068153091318
7219,220.4281763435984
7220,135.2588819317127
7221,232.37823020430457
7222,292.8459633974227
7223,113.82957448997568
7224,160.50544745571122
7225,169.04331119884665
7226,285.72974198312835
7227,164.76008239268637
7228,68.09667413125729
7229,295.98690802778475
7230,195.40267784671403
7231,190.61925007759854
7232,106.91046764947839
7233,67.90626110349574
7234,72.34485429940011
7235,65.7620220393666
7236,268.1806789861447
7237,421.76819759995277
7238,364.57893549309625
7239,112.64965707003316
7240,195.3590206148754
7241,134.54101478726213
7242,186.78734768138654
7243,199.40504560080015
7244,228.0753974699028
7245,138.67655337158791
7246,170.0127899029407
7247,611.9483512603366
7248,150.35743564859573
7249,106.97877517453028
7250,217.33890801709634
7251,170.4040975695593
7252,241.4967677274321
7253,265.26920676035576
7254,144.74044909353356
7255,177.72617010107774
7256,335.3396205726668
7257,242.30038399175027
7258,213.36483574821054
7259,215.72649753575828
7260,281.1797105844696
7261,99.8916132746821
7262,132.8350195361975
7263,116.96350374248752
7264,133.03640751042602
7265,116.04079725275697
7266,164.75054022751678
7267,339.99300634537354
7268,368.22856556411983
7269,131.80626827223972
7270,87.77804224508033
7271,363.1818472186636
7272,237.45500615705396
7273,229.6702684187705
7274,189.91130217676485
7275,326.6082319524565
7276,354.48241860194264
7277,176.29942654031584
7278,220.50621060424882
7279,152.34904648430634
7280,306.5782265209555
7281,117.76102932684663
7282,120.80805869252725
7283,232.71878691972253
7284,223.16217328416047
7285,137.44354669874244
7286,121.50459732373086
7287,544.9103976522174
7288,292.12968023605265
7289,212.4092687460333
7290,218.8731820313227
7291,194.4253372881339
7292,175.5374814271592
7293,112.641925432543
7294,497.64026268377575
7295,287.7800446480985
7296,243.95540293869695
7297,168.1416162508487
7298,180.53742896975876
7299,346.98709088107023
7300,204.2536320753151
7301,83.85446110816444
7302,72.97103638586252
7303,101.23642455733729
7304,129.92890107175913
7305,120.18449476113528
7306,372.9717104398222
7307,152.37036683224812
7308,99.85997696262388
7309,130.9601438176277
7310,190.26857065749562
7311,272.2902471829066
7312,214.9094033870357
7313,499.359039675877
7314,534.802153143984
7315,159.27918417166578
7316,149.36380731489226
7317,156.49471541149026
7318,121.84615660226693
7319,243.09980599571497
7320,154.38297151531958
7321,207.58323551341834
7322,777.0692964366715
7323,258.13314779006754
7324,133.80483536432925
7325,183.78265148883983
7326,405.8470002896803
7327,424.6160697069043
7328,88.34946328763421
7329,195.4269349738811
7330,158.75164217559427
7331,62.49635851728039
7332,439.34501827220004
7333,346.11561006944044
7334,218.3888257223404
7335,279.9630843046311
7336,144.54296121576814
7337,570.3248476614949
7338,195.16786620950734
7339,157.07935831001774
7340,208.01304658452077
7341,275.94522797150296
7342,301.48164131183717
7343,490.0802630933175
7344,220.5044957687592
7345,296.489635964588
7346,234.16550455519217
7347,154.46654110089275
7348,93.83937938540015
7349,164.98649016098773
7350,102.09825035078254
7351,54.86726048994717
7352,336.4609296796364
7353,157.0223270053475
7354,141.19125377464607
7355,132.25403138799336
7356,101.73519340573645
7357,247.47559663052914
7358,259.0493747893391
7359,362.7002151072376
7360,313.4504057730798
7361,297.6810409099561
7362,208.93268121108875
7363,258.51847101000556
7364,172.6372580746962
7365,232.88521721349073
7366,240.86649517766605
7367,200.58736455034645
7368,322.187254125442
7369,116.08962976778051
7370,166.64127606304783
7371,152.56098207558875
7372,127.30124595428697
7373,181.05224508962579
7374,269.4611697165304
7375,98.66164609034213
7376,195.2771990471643
7377,407.0596990391659
7378,159.9805572763482
7379,151.43941138782895
7380,253.4744053511841
7381,137.44059839618825
7382,258.7850915242127
7383,300.9002529975997
7384,213.30426508930248
7385,236.0684477018274
7386,165.99043194053306
7387,375.43071951541407
7388,484.5037227854333
7389,124.65916021765173
7390,449.7853419068259
7391,61.040416176218876
7392,131.2002566589148
7393,578.147749875311
7394,455.82322845915087
7395,312.3674040492417
7396,198.42576855696097
7397,227.81513470441803
7398,143.08740571718752
7399,177.28362273268397
7400,297.0435871877641
7401,80.27089301215422
7402,52.61917999870464
7403,459.6774213042828
7404,60.33753865388295
7405,119.5877143146666
7406,185.578407692488
7407,96.89694881313893
7408,219.7303832310645
7409,130.85308594048837
7410,57.97163961892461
7411,183.78257944585422
7412,210.44158548921183
7413,211.64628213852262
7414,128.79083069366692
7415,142.2640102329443
7416,100.25211464292163
7417,129.21179668825874
7418,316.00999126978684
7419,180.0727494849508
7420,115.18644163696712
7421,145.56438771497608
7422,327.82229707166323
7423,197.79487085395402
7424,184.58296669059615
7425,217.6566120312418
7426,176.44596540850867
7427,180.64659265268136
7428,194.0274249351726
7429,62.646765750148255
7430,219.83616816000244
7431,55.36648276034124
7432,312.7818525170548
7433,170.6674069147308
7434,154.96784067071738
7435,176.04502060435203
7436,85.16324007026128
7437,121.77857165296662
7438,185.93533303440893
7439,63.50294238449226
7440,74.90339491751452
7441,101.77614088565059
7442,93.51429965072906
7443,229.50830115001835
7444,119.5104752919909
7445,116.99044480578917
7446,260.8781102992674
7447,306.20115757248885
7448,340.5652975995263
7449,70.0642328163626
7450,388.8842750636712
7451,87.05471393537583
7452,119.15514186883293
7453,232.79137692072052
7454,220.02722017702976
7455,113.34689143823087
7456,142.9240171949185
7457,94.3859427004619
7458,183.46758525798592
7459,224.03018043219157
7460,162.6660954000915
7461,169.47770575551817
7462,120.099079840933
7463,219.5541795147879
7464,233.26038156817677
7465,235.17097143217813
7466,222.08945852958556
7467,230.57278108849405
7468,204.53224920996013
7469,397.159682683944
7470,187.82803577729638
7471,359.6944370872525
7472,212.6289732188111
7473,175.57245935496712
7474,386.75130854118436
7475,307.9072142864461
7476,120.13250152039953
7477,63.649640839170985
7478,159.58700647588591
7479,220.72288687449378
7480,246.090581032735
7481,214.818529344459
7482,238.54300743998706
7483,116.17598569234296
7484,91.24737084413145
7485,58.17420409411478
7486,87.27694207373574
7487,262.20766128770316
7488,169.30804005833016
7489,159.22282506176398
7490,316.47675702920543
7491,276.33099726076426
7492,128.0139604228569
7493,232.19562845228197
7494,450.6119865244788
7495,106.45929904214773
7496,493.9133791844081
7497,261.6549458693711
7498,121.91594414950468
7499,344.32896034190986
7500,189.68775755962633
7501,454.8306102512864
7502,246.848895201094
7503,110.21246466829626
7504,323.51861669622457
7505,648.8265181340239
7506,167.06419502433755
7507,184.14565437775474
7508,143.95867133135994
7509,128.09654341807757
7510,128.92424842284893
7511,161.02748784069496
7512,124.38882360718965
7513,187.6431268226399
7514,121.83436810861927
7515,191.93116735554776
7516,187.72873620848387
7517,257.84996207272104
7518,135.91576976535023
7519,95.06923436176258
7520,220.7587038658756
7521,174.86199691664473
7522,279.4847952013944
7523,119.8722958366757
7524,128.52348731701431
7525,129.62199042752417
7526,196.5209884956711
7527,206.55844105176047
7528,197.77489083729117
7529,108.11799205495585
7530,152.14024366422905
7531,237.77696911435626
7532,356.6984790172584
7533,130.9576277806192
7534,165.44549296031863
7535,164.091184570581
7536,266.65394182654893
7537,268.82842484721454
7538,201.0767975768334
7539,106.81835323189529
7540,113.94390552305279
7541,259.1684916058466
7542,222.15515082357112
7543,204.84582409443234
7544,203.26721585240142
7545,574.9190935361061
7546,269.11773514878587
7547,115.40423772171525
7548,110.09912474596676
7549,208.88343518756858
7550,82.7636241151749
7551,174.8420703998142
7552,276.03635894246094
7553,152.99700835645353
7554,153.57068875612967
7555,153.99072605187592
7556,142.38596923882355
7557,134.92577649473643
7558,117.60392730604258
7559,281.73192314908016
7560,163.98873491305554
7561,293.6478940748379
7562,137.6373920372311
7563,139.2127609650718
7564,195.92457662552698
7565,214.0528094660824
7566,168.04996560296493
7567,104.12102361291466
7568,284.07142141795083
7569,279.33034313544425
7570,126.97414785852456
7571,129.98804466534924
7572,113.51949835289909
7573,205.16458625941786
7574,240.9181624913993
7575,142.97176902984063
7576,240.29098360489243
7577,78.27519134760524
7578,53.82350626023907
7579,168.06597667485593
7580,98.68144065297987
7581,155.29471648185046
7582,259.6244435213429
7583,230.77210457328005
7584,213.3105460475203
7585,210.9643260787211
7586,121.26682431683801
7587,126.34778347792617
7588,201.42196574281445
7589,307.5284199593697
7590,215.57394964770205
7591,155.7133463141273
7592,175.22971176074927
7593,183.92787935111417
7594,172.37490635277388
7595,160.77973813322424
7596,64.94448842859099
7597,262.8141046937452
7598,158.98139087768297
7599,147.30239452561153
7600,168.48945609677207
7601,264.7715350938639
7602,126.85160649373279
7603,213.3713875741973
7604,238.17429965049902
7605,232.78063821001788
7606,142.20486686893716
7607,277.2416682616039
7608,230.0550803948249
7609,259.39748007574553
7610,149.80958734986754
7611,191.65909641278387
7612,924.590677484505
7613,177.86224544055602
7614,146.99351335650866
7615,247.07510398390323
7616,320.4510167105518
7617,248.7831871604656
7618,103.53609525447052
7619,130.0912632899829
7620,141.34552781210647
7621,193.2076905672521
7622,637.9801915651011
7623,60.55858488222002
7624,247.29238339884068
7625,66.39455522052583
7626,138.8266693688309
7627,205.8264392210275
7628,116.29857026073041
7629,307.53859611998865
7630,184.77027174441918
7631,115.86292102546732
7632,135.85968690448829
7633,246.01199280336016
7634,212.12355006166226
7635,149.4931690688424
7636,210.2559078953323
7637,215.26386119284473
7638,101.62168230760564
7639,120.68879507648255
7640,458.98721908716846
7641,309.92195102228584
7642,118.46886033674068
7643,186.26282257544702
7644,174.9027850250872
7645,249.1999056345027
7646,166.2892628625435
7647,84.10518413120708
7648,174.30262762515068
7649,555.5760771131198
7650,66.64116507905878
7651,65.68291681186119
7652,229.16423026996335
7653,530.9871211697462
7654,118.47955914250022
7655,160.71563520133046
7656,580.0594525001039
7657,145.90787779201122
7658,192.381622995054
7659,122.95526505781599
7660,184.61994420461613
7661,104.40959513700764
7662,87.05664314414848
7663,310.65752400620175
7664,157.75794220764308
7665,185.95454099801404
7666,134.68941536239447
7667,182.0003435102718
7668,117.9789449512314
7669,176.35873172751397
7670,112.6024423634441
7671,73.00233857815108
7672,195.25260396804308
7673,164.0036733960349
7674,241.11109588407672
7675,129.88061903638834
7676,173.6445981107463
7677,125.51717451689191
7678,364.9785611299697
7679,455.78927935319143
7680,261.6286440251306
7681,262.5350273206389
7682,180.81821428082154
7683,129.10450896924348
7684,236.54985410779906
7685,78.70671324011738
7686,173.99393417387304
7687,92.5598845529905
7688,85.09813412620304
7689,123.20627838464104
7690,138.18237974109996
7691,198.75147749105284
7692,261.6759518498279
7693,247.6205442694957
7694,264.4659669302076
7695,151.00025094082488
7696,300.7064956095428
7697,415.70588770109697
7698,286.06807460126214
7699,312.7963060386122
7700,247.48288175996842
7701,85.42647193176744
7702,138.75441644991076
7703,187.96798133192183
7704,135.31862601583137
7705,135.9623599241488
7706,306.8296307336821
7707,206.4956040338007
7708,138.24202498496328
7709,119.22589469892566
7710,403.2648120876684
7711,126.15526945720164
7712,248.9993378174983
7713,73.93155526017004
7714,359.4955854472307
7715,196.3779257780849
7716,366.6528083905354
7717,267.29737032200336
7718,237.5865027271094
7719,61.5222461652148
7720,126.06073888606231
7721,142.86401036808758
7722,175.7928257594684
7723,385.474611972358
7724,176.18316537614749
7725,754.5578997451046
7726,200.842831634564
7727,136.08933876601955
7728,414.4799976630841
7729,148.92013122065597
7730,161.52725945007887
7731,239.99964471785478
7732,201.80182843790092
7733,172.48200998043896
7734,255.6029083577443
7735,374.91274622664054
7736,117.33662803369255
7737,146.16629279788367
7738,182.37431194897638
7739,176.2222427574027
7740,253.99628533819813
7741,121.31091721374575
7742,297.5027921777337
7743,309.5004009923903
7744,309.57402485899985
7745,327.6701132783024
7746,67.38428278288123
7747,401.4762226228487
7748,243.89282157854456
7749,205.37230492226664
7750,210.82333354789193
7751,228.62296518474628
7752,131.59927627667764
7753,126.82254017198028
7754,364.1286638010688
7755,276.10934130945594
7756,181.78668658634197
7757,207.65957275690093
7758,221.09371115759538
7759,369.2561915416807
7760,401.3967410949375
7761,149.20174141461496
7762,386.77489135957126
7763,471.1418893066224
7764,288.4926009548529
7765,86.21451059518225
7766,248.39166331928251
7767,173.67836081332135
7768,232.9717739460907
7769,85.76439643676127
7770,209.85520303976395
7771,378.28042757619465
7772,210.8154019359583
7773,180.7724629361535
7774,197.51622683482063
7775,203.79908350603012
7776,197.10657032006216
7777,307.42751336065163
7778,66.04525219191312
7779,319.3685191294935
7780,267.83442686201874
7781,219.84603566999078
7782,142.58394732446646
7783,149.40092104372877
7784,268.7267313849778
7785,94.62484205134125
7786,246.36817071334144
7787,180.4002681275538
7788,409.9067253341024
7789,558.5195228977562
7790,175.2295775785006
7791,103.90022088166599
7792,200.68150211180716
7793,376.51708243864715
7794,225.93210846475276
7795,146.9712621096212
7796,108.74791454124329
7797,166.2152445602231
7798,168.19635355216275
7799,219.18533931363888
7800,343.0544562999797
7801,325.28552202663536
7802,186.27356660108296
7803,143.6721815455902
7804,267.6828644712884
7805,162.1172740121265
7806,217.19583630372125
7807,217.7154480263403
7808,62.65010153046094
7809,55.67316516410714
7810,261.06762850002957
7811,60.75613516685587
7812,242.8258209772354
7813,201.5555658891152
7814,305.92246754629616
7815,139.14211594401394
7816,273.4026355476575
7817,610.5500211267212
7818,88.50429701149423
7819,113.97053414627499
7820,345.53238460176976
7821,244.90411367085682
7822,137.6659830236054
7823,278.1887178457268
7824,202.25285921969228
7825,137.5618127837386
7826,64.89855738495837
7827,123.88588311430838
7828,86.03596676220452
7829,220.71692552838462
7830,180.78911162018343
7831,130.04099558931816
7832,363.8001472051036
7833,252.96512708736415
7834,212.79702333728932
7835,295.3940622630235
7836,145.53529472725407
7837,76.75559383157032
7838,233.946950340318
7839,373.9656612282762
7840,99.9831417404663
7841,366.84827978504643
7842,388.7128911426668
7843,244.59002775343427
7844,142.76607532765183
7845,188.81793316934179
7846,267.5341927620493
7847,406.12221340133857
7848,276.5907471726907
7849,314.95979282464845
7850,181.8610949741154
7851,57.080027595657384
7852,187.8677364233231
7853,313.57372144449147
7854,345.71304331567416
7855,161.5387787766435
7856,131.4233424455392
7857,216.93479996806948
7858,69.79592421831128
7859,178.15642685098192
7860,231.87482798934184
7861,372.55784379281795
7862,148.20461278486763
7863,71.97351938919306
7864,136.04623737421892
7865,373.80049368309636
7866,121.31528521531794
7867,101.55924891136443
7868,149.89317946788756
7869,321.9025828343173
7870,90.73628906612588
7871,477.8247374875489
7872,146.9820817980491
7873,214.8906191655464
7874,160.03236221389415
7875,149.1582339850786
7876,179.26402598519317
7877,180.09983473573516
7878,519.4578739655619
7879,262.6442510127958
7880,203.56255204493476
7881,731.8872326784254
7882,556.2035856529141
7883,219.2413797954294
7884,183.22687035235273
7885,242.09110188317456
7886,196.14623262285568
7887,146.7745256586683
7888,64.78399022504377
7889,268.14229361181606
7890,167.63757285558432
7891,123.64132887386248
7892,190.70746668622547
7893,220.00516416794449
7894,188.311241733919
7895,248.5358811319512
7896,268.82628530750634
7897,254.1272107768579
7898,157.16167928777415
7899,213.0341192317797
7900,231.476873290979
7901,188.43170668561638
7902,70.0565452288018
7903,84.14967416771782
7904,147.25911820749542
7905,92.22864704471436
7906,154.9292986930396
7907,223.60721099438632
7908,192.03032892306047
7909,88.13070408580752
7910,187.46670196810945
7911,340.03641645780823
7912,140.65548974251848
7913,238.24053649067355
7914,364.45073249450314
7915,405.5549411085194
7916,551.7549760151796
7917,151.25318040312467
7918,201.2122261602967
7919,150.42915184803874
7920,119.83734048318503
7921,140.41979024070108
7922,83.14266733582026
7923,203.60515490802212
7924,188.34475603107575
7925,300.4382433992892
7926,247.4383326162114
7927,165.76112111945721
7928,220.29204010357859
7929,282.3043546665415
7930,518.3718681628555
7931,255.28281368588165
7932,227.88352571615857
7933,129.25194716766313
7934,132.84373656159428
7935,162.69335764818857
7936,188.0419574918742
7937,136.75488338277955
7938,254.15516509433195
7939,116.6359711240814
7940,101.25138358181998
7941,366.00928561604815
7942,134.34402224613586
7943,65.68128909372054
7944,74.7316719415182
7945,146.10455235572354
7946,115.80575360482902
7947,425.5887194718029
7948,239.85433458919294
7949,69.48505739783364
7950,297.59744309054616
7951,267.188230767364
7952,129.72893880859908
7953,152.9140312718861
7954,358.09519560029275
7955,313.8810980015536
7956,67.3931855846529
7957,333.3469296191615
7958,326.7241661427142
7959,437.3233831705384
7960,84.62312111930748
7961,206.45578225372049
7962,500.0264366590709
7963,252.69985057419305
7964,434.7896762825771
7965,475.9225411364201
7966,370.39592523782375
7967,185.8961469809712
7968,340.6078029224603
7969,129.15511299561405
7970,65.56167415465833
7971,228.94541526900568
7972,276.04929585454903
7973,50.147191963155265
7974,95.01060527947388
7975,276.94704197934504
7976,159.9135855340504
7977,137.16499866387045
7978,75.05423593261403
7979,182.5091168629582
7980,195.49503566506417
7981,158.47966979255733
7982,278.58943505680185
7983,153.80035750523098
7984,69.4295200802641
7985,169.8509794530016
7986,85.0796688451883
7987,231.3871793068512
7988,178.60933807953106
7989,130.6181257452305
7990,185.76432210666178
7991,129.5141740912315
7992,77.62835633997814
7993,144.16113591967886
7994,176.97686372713048
7995,139.4417356106056
7996,210.55356680619445
7997,381.5831182961863
7998,54.20213300069446
7999,138.79294252588002
8000,161.7978477915632
8001,277.23231185610547
8002,246.7048794551267
8003,74.37808978553896
8004,482.18106555601196
8005,165.55520230240566
8006,217.96487822599363
8007,140.99117271989562
8008,298.9792619890472
8009,252.66584690145746
8010,386.0250335305323
8011,298.3613495867604
8012,184.61481452505996
8013,59.58360739142649
8014,149.46578376568115
8015,100.10494314930307
8016,51.122789590010825
8017,462.8879763098697
8018,166.64968851389804
8019,201.06208873190684
8020,506.1520913189944
8021,178.5519661392282
8022,195.05395235486844
8023,577.2042336335734
8024,205.4318463688896
8025,288.10871073692874
8026,183.44813656106294
8027,402.8944813684458
8028,357.85923425474044
8029,191.96033205339637
8030,173.2221767574644
8031,213.28444676516378
8032,218.29824038951799
8033,79.66162435186195
8034,280.7514341306913
8035,281.1610885302403
8036,230.3010441675733
8037,170.70814348760837
8038,162.91424501784354
8039,218.23571082000205
8040,244.44709073887802
8041,596.6977790160273
8042,154.10072935818116
8043,187.61947648274483
8044,272.5271735498043
8045,95.86121918184467
8046,238.3816767237903
8047,314.28849621931084
8048,248.92268955981956
8049,310.0606398625094
8050,224.86886437544484
8051,358.50196579248177
8052,223.4305773724868
8053,329.8849505611831
8054,318.41496509061125
8055,181.43021068094458
8056,235.78400733173783
8057,364.7889050969661
8058,186.5415081457323
8059,176.17715090876732
8060,408.05991693306817
8061,210.57240285481856
8062,236.4138263785634
8063,191.23836675820968
8064,171.6110515199439
8065,112.90134753138781
8066,359.1131949256143
8067,144.6031233080863
8068,186.05654741935402
8069,839.7720154841231
8070,172.37605322433865
8071,41.764137016147664
8072,260.86670624438284
8073,306.0273469074757
8074,132.6167785108518
8075,123.18466387773182
8076,230.82261332221915
8077,196.85135426237517
8078,193.60339024965785
8079,166.94907508191488
8080,85.72017727191079
8081,78.57490269954248
8082,199.75521127359823
8083,227.71171910131707
8084,117.30700317859149
8085,117.63390935073079
8086,141.33957816485662
8087,176.91933826985743
8088,140.46686757299605
8089,127.04803463202285
8090,315.88057320833775
8091,61.3487107106895
8092,561.3239748267505
8093,126.52617939511845
8094,150.49021326483114
8095,189.56839149975312
8096,646.5326982976794
8097,183.77491660247063
8098,425.860527729926
8099,257.2814896437391
8100,114.17783323088585
8101,179.21522916923618
8102,219.7342109668262
8103,140.76804599011712
8104,250.74371135138173
8105,271.54449277291906
8106,65.74197356917297
8107,284.3383297246831
8108,191.5379371219052
8109,303.42137177491253
8110,220.1897235863097
8111,66.33574447069657
8112,254.3356753071231
8113,154.5889011320635
8114,142.90541450586076
8115,267.2201254099348
8116,79.22469491785046
8117,101.98059716922893
8118,265.98438037915867
8119,120.12474281841509
8120,307.13668787939304
8121,103.10401190913828
8122,224.36596919704348
8123,356.0111683784496
8124,62.392367779581015
8125,260.89750892178495
8126,171.53572910162316
8127,168.7864546388451
8128,157.9877558533102
8129,128.23315183517585
8130,202.78728059199557
8131,210.60502272787102
8132,61.636433733477745
8133,173.60997765043587
8134,232.0671449164914
8135,276.71371381638653
8136,235.32792481423144
8137,379.8821582741687
8138,113.48631176393113
8139,130.86829362361692
8140,486.0056998066153
8141,298.3533939867695
8142,119.13720315087225
8143,63.67658470867241
8144,144.8330954921893
8145,212.2087047045825
8146,328.7811964228183
8147,215.2480133291459
8148,169.59731431268054
8149,335.48066952472016
8150,294.2394867175979
8151,293.5320965570832
8152,357.6874588784137
8153,307.33106580026185
8154,93.2915784267385
8155,311.1238053086692
8156,365.3756099742814
8157,90.86006728115373
8158,189.13730272739818
8159,258.81857503744055
8160,93.43000025273697
8161,508.84523624284805
8162,295.3510288412531
8163,310.4313962506179
8164,221.92306334919314
8165,216.67649356985493
8166,383.0945698145828
8167,428.1407788095025
8168,246.07902579744703
8169,316.01812226734637
8170,266.8187999058496
8171,223.00819073592538
8172,168.6104712552967
8173,276.6750269150277
8174,363.3208890600023
8175,205.4948870853997
8176,274.1922110133909
8177,63.04753907675844
8178,165.8783454370306
8179,100.78522270683696
8180,148.1899018916856
8181,226.9603398963541
8182,173.8012559080251
8183,140.04908204863617
8184,264.6177880833395
8185,153.86191574965986
8186,676.3684964595609
8187,112.083942433553
8188,257.75839695762795
8189,605.2994968310478
8190,586.3035921693496
8191,216.185611446578
8192,96.33879310542667
8193,211.44950567442382
8194,184.51272937586427
8195,225.63005658443953
8196,221.46403550629972
8197,276.7198766825761
8198,257.7192911227615
8199,180.86017434657606
8200,235.69073286393444
8201,325.15716285917
8202,177.18755910176324
8203,153.2705313740932
8204,707.6563537622591
8205,190.68282282913952
8206,360.873216731457
8207,131.84000272861306
8208,99.04595826099403
8209,127.2757944544465
8210,167.11016738145364
8211,121.5065634150332
8212,218.01748014702622
8213,650.9619280064272
8214,648.6090698625242
8215,184.90210283883476
8216,220.54653055600772
8217,172.0781911593586
8218,167.99270827038666
8219,254.43615275705818
8220,164.95780926683176
8221,221.30870118614177
8222,173.97504342932942
8223,217.85866624787752
8224,199.49875491793676
8225,176.04543873521132
8226,84.1079421605642
8227,364.10261191076984
8228,259.78512972368304
8229,202.81763257058412
8230,371.0646414234491
8231,140.08060167892717
8232,446.67449912504856
8233,180.06644907149953
8234,235.55769683186008
8235,417.88186048113226
8236,277.3150142823643
8237,157.11311629172286
8238,238.99305316206863
8239,361.09454476621744
8240,161.04037075626115
8241,138.59839341365995
8242,147.36618442444234
8243,336.0960231306694
8244,417.16876982426294
8245,377.9118497968743
8246,293.1668517239671
8247,275.89701743530975
8248,285.3231860676115
8249,336.41632332979003
8250,310.1969944020303
8251,85.40271587969238
8252,148.95549386661406
8253,196.06529455829778
8254,220.26976779059993
8255,267.83238478825393
8256,138.2903457635252
8257,214.54696107250976
8258,272.56237252198406
8259,368.9691927494856
8260,134.56074061697532
8261,343.207841687275
8262,212.4207613040558
8263,210.3074314834678
8264,303.108723790437
8265,94.9456944544702
8266,172.51736387947022
8267,300.2796732628245
8268,57.94289650633063
8269,173.32385241680444
8270,141.614384316134
8271,335.53083346740203
8272,87.49332674595152
8273,300.53298796738005
8274,154.9956022019066
8275,173.06274999975793
8276,119.1217430438188
8277,133.56620782250658
8278,98.83908747706609
8279,102.8938729386919
8280,499.75066663686664
8281,299.0414247653401
8282,122.81597222998164
8283,151.868383096194
8284,115.17185793442616
8285,151.05404110689938
8286,126.25188272922283
8287,222.50560321614714
8288,57.775223857893565
8289,285.21847617763814
8290,213.09062101906582
8291,325.9782220860974
8292,644.5809689023907
8293,119.48519240824236
8294,136.7808926978098
8295,282.4369255509468
8296,185.25964610081573
8297,400.30941735378275
8298,98.96614646332073
8299,55.85416941593564
8300,133.80817156420036
8301,168.55485654388528
8302,127.9702421074096
8303,148.93360895455993
8304,168.35268004689908
8305,98.76300068088969
8306,350.25413025053695
8307,116.04530483774839
8308,267.83419962505894
8309,324.0477190876266
8310,211.38102514655097
8311,89.08051312785747
8312,92.45837994560922
8313,59.10523051931309
8314,267.14038191754406
8315,151.23741960461857
8316,196.1865811273554
8317,366.2612726701059
8318,272.8446890849082
8319,233.1543490982923
8320,341.6967760212794
8321,167.82741711412973
8322,259.3466683941604
8323,342.4488946042929
8324,250.00830726119835
8325,94.56304514168222
8326,302.9796269463864
8327,152.52069212559888
8328,68.28417402591128
8329,213.80812723816487
8330,273.52921020285737
8331,154.01144634791783
8332,51.63066624498673
8333,169.63662623638132
8334,160.21191232112602
8335,97.34830399652043
8336,308.29930084532157
8337,422.6434216307463
8338,68.64657500588764
8339,57.48078171246375
8340,77.90649044767466
8341,228.08047498725134
8342,314.07883469103393
8343,201.91371317747883
8344,230.2725061571249
8345,234.8941310220305
8346,52.62813354322541
8347,222.36538992206013
8348,117.38939459417735
8349,313.69105500357506
8350,349.4031866541429
8351,136.4350733701126
8352,79.19006920185242
8353,280.63206096026767
8354,311.74673367978255
8355,185.91686834551712
8356,627.2239842225283
8357,62.817604513245165
8358,57.58397317731677
8359,54.25347927286779
8360,89.37596330462961
8361,231.0648158406903
8362,82.92653340789367
8363,218.43510594958556
8364,288.77620462448004
8365,314.17146594932404
8366,591.7147085479302
8367,357.1613013438265
8368,74.35979000959207
8369,230.05602679251578
8370,221.81838778665275
8371,257.1179930963647
8372,90.87804101414093
8373,123.67674966054469
8374,298.12282898117417
8375,170.7602888251304
8376,176.46779073232122
8377,143.415425773075
8378,155.55688135615685
8379,199.9251815403022
8380,255.3067873920922
8381,67.37221821717522
8382,193.08962138954055
8383,529.6885686232316
8384,206.0431597126969
8385,154.20111901487533
8386,541.70667051779
8387,91.10314114258897
8388,133.23628508552764
8389,197.4596932690133
8390,147.64882378004327
8391,134.13540861486723
8392,108.03333340013023
8393,107.03378800053757
8394,422.125296865962
8395,292.277247086397
8396,351.22329574897134
8397,275.17686149561354
8398,374.6268062881438
8399,113.63444130374094
8400,55.113710627880266
8401,133.65923718465885
8402,360.0687620198619
8403,140.05246465607343
8404,196.17622640164495
8405,195.7837572287412
8406,153.06740725919076
8407,244.1474368501628
8408,55.4820857011713
8409,172.68218511373712
8410,335.93335605616255
8411,76.16334606260807
8412,67.44257509216985
8413,266.5687057052665
8414,240.14888278562793
8415,85.17730197050832
8416,542.6769530958626
8417,405.5004857619737
8418,172.94488268579659
8419,125.09123172035513
8420,175.98159516740415
8421,355.7761226007834
8422,252.73205347456764
8423,314.2506502729338
8424,127.17893057681465
8425,201.41811448104386
8426,397.6372801841596
8427,186.0528323751847
8428,57.156555158510606
8429,186.83323187735294
8430,196.7511144984895
8431,154.81901605332473
8432,167.8824105677688
8433,219.36695945065577
8434,246.0421308446227
8435,107.39491674207305
8436,94.65737333838493
8437,108.56929770621518
8438,105.10742000873043
8439,349.9516891149605
8440,212.82163563670684
8441,725.3423985960658
8442,234.57835417367008
8443,461.0950087187906
8444,266.70243243584457
8445,483.59813895062496
8446,241.22127445435052
8447,244.64271242567068
8448,246.46831907003622
8449,256.5092060850931
8450,286.07291198004333
8451,218.01358835113837
8452,133.7922696339877
8453,157.56870561418137
8454,95.80574807898496
8455,174.533503803202
8456,264.16182384923343
8457,215.79625428675575
8458,145.85023717628954
8459,214.7547929978435
8460,163.48269466311692
8461,155.81322147824105
8462,348.2418840226056
8463,352.650149825072
8464,77.96807932581149
8465,234.13685990648315
8466,105.4819690588608
8467,308.2131231459469
8468,229.09789954975327
8469,265.0681343630163
8470,82.41793675794911
8471,87.54400598275123
8472,416.7255914689584
8473,238.01125019171198
8474,453.84337731304953
8475,202.58074105661834
8476,129.27780837435893
8477,175.27160739130096
8478,184.4142236835984
8479,119.31170810451583
8480,73.2549038825422
8481,89.8331169633422
8482,120.5541945450512
8483,249.65483740161093
8484,91.68261977177818
8485,171.76703350131982
8486,60.17536227151468
8487,146.84747439562605
8488,284.81267351931103
8489,142.17685225491795
8490,146.21250778200465
8491,215.95000904097756
8492,255.14472407616762
8493,263.8317075413936
8494,198.57200255285787
8495,175.83161980849752
8496,238.3710879801638
8497,100.84754114316789
8498,140.40878620433537
8499,466.9542418912801
8500,139.32215363353885
8501,163.50689621752133
8502,102.23989742718341
8503,212.54175458455938
8504,286.7246623183705
8505,203.74437768562063
8506,127.59699926492547
8507,317.5172272399767
8508,118.96993302544136
8509,301.79963683946653
8510,211.2871862287167
8511,99.97776179814213
8512,114.9556102414213
8513,85.23911469993158
8514,394.0035653172859
8515,157.47865060067403
8516,500.1304130099707
8517,220.0327361134352
8518,243.81854685816862
8519,201.758282002072
8520,63.367490704792104
8521,259.79370530327697
8522,168.67851674982333
8523,259.12852431900563
8524,77.80611843043711
8525,143.7987594797321
8526,325.0843491420976
8527,298.75194850995433
8528,258.1522343294838
8529,131.92723447441193
8530,142.418582036168
8531,302.72640519245925
8532,127.29469808721069
8533,82.6546871174876
8534,144.81158488871023
8535,182.3466080032171
8536,123.44844881219578
8537,101.18282774852477
8538,251.80911595554613
8539,50.341894067778
8540,144.5027480001955
8541,244.71558532449654
8542,361.73196547099104
8543,323.34362697607446
8544,165.5263703885929
8545,189.3894206771654
8546,227.6698838807285
8547,173.78497682175902
8548,51.180354590941356
8549,110.42090921351111
8550,223.73927070708774
8551,292.4421274453176
8552,346.43773480261166
8553,394.3263798489363
8554,239.48415558472772
8555,242.01024033824058
8556,370.74007578099975
8557,298.83844286876194
8558,125.70653210657679
8559,295.9289714612513
8560,478.7878643526746
8561,391.05927344392927
8562,122.06313831904976
8563,113.8170420401375
8564,269.0747787478303
8565,55.02648361903291
8566,443.8399130200039
8567,151.91844598690375
8568,216.61213230855805
8569,182.61645621392688
8570,358.06846065980545
8571,396.21000784853
8572,130.3680148991145
8573,120.25249318510649
8574,163.6822869719508
8575,48.06847358935547
8576,391.91567251691595
8577,150.33872759924105
8578,307.7487654766306
8579,83.31972919183691
8580,724.7805384695574
8581,271.0534980057783
8582,132.0991336545638
8583,185.83368608394747
8584,206.49468500170076
8585,178.0712782960325
8586,156.53359890292035
8587,281.1147827446421
8588,180.86197533557984
8589,147.11208565025615
8590,99.53328719546518
8591,231.26704298596923
8592,254.5952195979773
8593,338.1055884849595
8594,296.77651206053235
8595,476.5987357193943
8596,138.30861214175798
8597,679.1836212394428
8598,254.63242538238472
8599,260.11750136570544
8600,98.6771191794543
8601,284.43452901279164
8602,142.5814875501115
8603,92.6576046265337
8604,383.7822200984853
8605,233.87032001515465
8606,258.03513958270804
8607,252.54803851631658
8608,298.7230181888788
8609,184.22170142701154
8610,248.89986444020698
8611,154.69229404656392
8612,66.3307285379064
8613,137.73196880778752
8614,265.33980599454276
8615,205.59985049430182
8616,201.7702745684222
8617,352.37125956079507
8618,88.69548787414858
8619,261.9770711598183
8620,431.6583116921812
8621,649.8265005960795
8622,128.16425878012356
8623,154.08774266217756
8624,264.3854438597482
8625,318.03271497294196
8626,178.13374651044813
8627,302.608121421851
8628,121.70482827839032
8629,147.35183935246081
8630,155.36148392875518
8631,96.31066201017113
8632,183.83884063711992
8633,406.4008293588904
8634,165.7460278970028
8635,359.6011686470365
8636,328.1896533387311
8637,134.83923091857346
8638,181.47839934879534
8639,413.75580222890807
8640,103.51420488843046
8641,266.1152227868105
8642,258.65235895194496
8643,356.2330542868127
8644,252.70545753619217
8645,321.0333857062131
8646,261.7406192504107
8647,457.8885499473512
8648,57.865267665376514
8649,113.30568974175337
8650,197.71563224181818
8651,163.7696752085518
8652,164.59664727989338
8653,151.39410886366986
8654,127.64648343044016
8655,278.35463472682295
8656,209.72522157028575
8657,93.61924793362407
8658,70.33418744797275
8659,199.20590210114028
8660,121.36706625155252
8661,172.41187255799753
8662,126.2456488477867
8663,219.68359559812436
8664,407.6501673461945
8665,238.03780158988585
8666,202.47720701542764
8667,103.45433067930168
8668,178.57067603069189
8669,158.20458430346818
8670,67.62434534142473
8671,268.19582866354233
8672,242.0906822047087
8673,289.9671017808459
8674,66.17983242941524
8675,284.5727982207084
8676,211.40129955364742
8677,331.03764933864863
8678,277.9616983431917
8679,209.300478159622
8680,152.28617105056995
8681,251.55205664776204
8682,203.69659474914056
8683,74.11262186503734
8684,87.8898689320061
8685,58.933419241525826
8686,250.4557771296876
8687,79.20898361189612
8688,66.51954102924896
8689,285.4994151743449
8690,133.99837979261167
8691,161.6219638346175
8692,254.5951062894985
8693,673.6337103060364
8694,163.92019495489825
8695,160.27657149763596
8696,289.85152793073536
8697,430.8856744477485
8698,332.90268334582703
8699,556.8920042055596
8700,238.60037198961217
8701,129.9245619098157
8702,263.05744790733894
8703,650.4040442852025
8704,175.95193252515486
8705,104.6287804947219
8706,153.541672673345
8707,247.84034483642952
8708,266.25189726451197
8709,167.06454658313217
8710,97.76604195968137
8711,173.153271511516
8712,81.44484402625864
8713,83.88129795861747
8714,481.4294153316737
8715,128.8357208359337
8716,307.69174465337016
8717,131.4141641942332
8718,79.56475345981927
8719,69.97846521253835
8720,217.62729001518971
8721,595.6112767047631
8722,171.42490795261344
8723,56.74525813545309
8724,178.83178514335194
8725,168.67917954677344
8726,138.39866301234295
8727,427.22821982880555
8728,97.85624541983923
8729,271.82453616917206
8730,468.2974086750897
8731,176.018652570727
8732,671.0317411052233
8733,150.42195515155083
8734,184.99357011923442
8735,292.8083825061096
8736,83.02599283553269
8737,97.57432789387731
8738,73.85284999457241
8739,301.35617728590864
8740,709.129114844452
8741,124.54663735316076
8742,282.16769945403934
8743,171.30540052076717
8744,258.4963474083921
8745,205.50243229215283
8746,187.1608477762599
8747,148.41787236740868
8748,107.7424367937436
8749,819.1723406295365
8750,347.83641942229076
8751,157.6016408599139
8752,179.737885405821
8753,194.19229816229443
8754,115.93389408066405
8755,333.9166446924525
8756,195.07164104989934
8757,253.34268646929232
8758,317.8655622772333
8759,167.82450102091974
8760,91.8694647789572
8761,142.83273363614373
8762,128.34503019128883
8763,87.42579490150423
8764,185.8675356868323
8765,273.8928520660872
8766,231.79008258857232
8767,95.98710107606964
8768,122.93886357732306
8769,236.01681037174907
8770,320.89944296422203
8771,347.453765429655
8772,114.57554748286002
8773,57.612219746138415
8774,188.50798377510483
8775,186.0874862554407
8776,198.35812847565361
8777,210.51184111464016
8778,439.9778758174572
8779,132.9059892965329
8780,224.68138682595597
8781,621.197948884573
8782,224.36162309438353
8783,138.0968987185401
8784,161.62603170526157
8785,142.35850103159584
8786,419.21886032817804
8787,257.996840990168
8788,181.39951373677684
8789,63.45682069248886
8790,51.788577797689946
8791,434.4511202674645
8792,227.9023611419777
8793,437.9580664832573
8794,145.25885525767114
8795,111.94025696381819
8796,186.84005288680632
8797,194.55918936706288
8798,162.53071898507326
8799,331.9967336273005
8800,182.01598375296476
8801,194.62525031472188
8802,310.63479509637466
8803,350.2349406638033
8804,71.60011635923557
8805,148.15063081512073
8806,225.2622247887397
8807,189.4534896912903
8808,156.5121247197451
8809,83.48595100364174
8810,740.6432064043006
8811,145.44062045693195
8812,191.5417020224048
8813,147.04908930897759
8814,111.735667034148
8815,103.82103101660928
8816,111.32336939673989
8817,100.89430193303573
8818,159.27831010433925
8819,83.11044875454947
8820,701.2209531961915
8821,196.1022011747249
8822,203.0957815521261
8823,285.29636203899787
8824,110.56670451860379
8825,490.49400878732763
8826,445.3955823809182
8827,354.36960185735177
8828,169.74078325814315
8829,107.73922509036855
8830,137.48204859828127
8831,135.00538366357037
8832,213.65017851266637
8833,81.36434045750428
8834,261.6703845811289
8835,191.40780232636416
8836,318.1993589401366
8837,171.12181128093948
8838,262.4216512757871
8839,141.22395208460333
8840,251.1707542182673
8841,72.84548069425855
8842,205.37499279706427
8843,194.63064776405432
8844,225.447770890258
8845,400.16679304467056
8846,135.86498621917588
8847,356.00896934983075
8848,222.38838683938246
8849,137.33117776852507
8850,87.75640537555148
8851,190.0422420393112
8852,232.313493298238
8853,155.33220295765457
8854,281.2863769351777
8855,164.3901619340775
8856,583.1722126335023
8857,214.44054099560427
8858,116.3876854740054
8859,58.01143990119226
8860,356.06140027580796
8861,80.55951077097923
8862,225.40338317135792
8863,146.92935936229918
8864,92.0118496990478
8865,149.44164838112505
8866,153.67172754826623
8867,364.14855142403337
8868,81.98156804410539
8869,194.09625678984864
8870,240.89073751324509
8871,54.66068336683135
8872,77.38311358062032
8873,232.2893305824799
8874,551.2985583588921
8875,193.31846753365477
8876,235.80019644773213
8877,186.9020912781755
8878,152.6167766011437
8879,188.1322688285765
8880,258.46872112735144
8881,170.0590024877358
8882,206.83530233482927
8883,243.89765902119436
8884,225.31547777678344
8885,232.78825815386833
8886,313.1702221788245
8887,75.49817745616178
8888,187.56156818326176
8889,197.8124394208676
8890,264.50099487205256
8891,133.81456174614812
8892,73.73521222476965
8893,304.76184590035325
8894,551.7218833612171
8895,239.50228353400755
8896,299.59419890143715
8897,140.29835212935168
8898,111.84076705121399
8899,82.96164199623492
8900,215.42098420965888
8901,213.84570272917958
8902,232.02689586506267
8903,187.55923146987922
8904,280.75335759404277
8905,201.52272080131343
8906,107.11352048659285
8907,278.79353319336803
8908,123.06496930422995
8909,246.23182663025318
8910,160.56946603897734
8911,220.14915087047638
8912,159.58333865242116
8913,75.30329818938625
8914,216.0898998264496
8915,433.0034236441013
8916,290.86094014263944
8917,153.6113605314756
8918,104.0904780481383
8919,284.33042903642695
8920,98.60961979925315
8921,406.9575400636214
8922,76.67352952209232
8923,519.9013695328925
8924,82.02958913659279
8925,70.080361453572
8926,316.149685787093
8927,90.71753522703068
8928,378.9649291623711
8929,154.00897750906512
8930,264.50471331014955
8931,246.89425486637728
8932,45.899642521217174
8933,224.1900228884924
8934,144.47205481134193
8935,276.1346902946897
8936,483.90891683146543
8937,180.40309389459145
8938,197.23637823394148
8939,250.20569100343027
8940,185.3610121456821
8941,144.75594229627413
8942,47.9735252568026
8943,243.40218985201307
8944,194.08777281646508
8945,288.0650682887941
8946,97.6677004584007
8947,101.06315852076987
8948,775.5156055148029
8949,254.66037452732425
8950,167.70453646713545
8951,270.4029239748699
8952,206.7476767973842
8953,393.4996388027608
8954,196.5401263920316
8955,150.50386926738852
8956,194.76191840356242
8957,490.9877688103695
8958,205.0632142400048
8959,490.4065934213874
8960,524.7237621549702
8961,163.1991198097569
8962,571.727235243446
8963,314.06573601268354
8964,226.3469504282032
8965,224.344006692367
8966,129.209021200579
8967,201.5494426179525
8968,327.2681172791034
8969,59.07843838710326
8970,182.15404736746822
8971,153.36821867174385
8972,115.56617560161233
8973,202.71162915367995
8974,220.0375202174954
8975,288.7343359674393
8976,188.83568836206013
8977,218.4892530171147
8978,171.8139674152312
8979,706.7396814678353
8980,153.11287426483872
8981,121.5463669447982
8982,540.4171641087162
8983,182.70455708269373
8984,242.92422208233322
8985,159.26337110573047
8986,253.5359832492615
8987,112.05344434830607
8988,568.9478941485501
8989,434.04910628286603
8990,161.1175619376643
8991,194.35052182849776
8992,108.69779163303042
8993,386.3995008279239
8994,140.06158563651005
8995,60.59716332472777
8996,647.399342854746
8997,125.3287272118584
8998,392.97944329269103
8999,187.7127216946082
9000,163.15495557766567
9001,114.36353432947202
9002,118.3865669478074
9003,282.78241100970115
9004,113.37953905278776
9005,99.28417772319928
9006,200.27217252086848
9007,83.66717638249114
9008,230.49314604409483
9009,56.098214267980566
9010,106.54729702976859
9011,228.3830667490395
9012,176.37103143691024
9013,285.51956491613237
9014,258.9832364982879
9015,41.11358118379191
9016,185.7764915042014
9017,127.52463453828523
9018,136.44800631473836
9019,289.4731002155958
9020,60.60254499356294
9021,105.52204375562972
9022,224.73064135658277
9023,94.37250693664116
9024,236.00241790305256
9025,248.6148578972251
9026,81.53616095041595
9027,147.20224218703547
9028,218.26441349381165
9029,155.85008944296445
9030,639.1712918019208
9031,128.93275754505254
9032,159.70126616759353
9033,162.06321371936454
9034,208.86595580190976
9035,195.08575382268813
9036,87.6092850134165
9037,191.27551757944192
9038,156.82862264830902
9039,263.53874848657813
9040,76.31213162547203
9041,138.1095861325311
9042,174.00736390286102
9043,211.92265284391775
9044,227.22495883075544
9045,240.511074667668
9046,331.04672230046776
9047,89.1223684795079
9048,242.4498248899644
9049,99.61038691534034
9050,185.07214758494618
9051,247.50996865811499
9052,114.26088335474283
9053,95.62229562625937
9054,126.51187850113226
9055,119.08502626241506
9056,296.0969306986255
9057,189.0460070772693
9058,166.42553121246206
9059,35.30958564725848
9060,262.12266600794806
9061,84.378643685848
9062,229.27966152315992
9063,228.36039483468517
9064,176.97914430987993
9065,168.6890820412998
9066,544.2570034753156
9067,225.25114984237476
9068,101.10050643969413
9069,363.97959867448327
9070,106.50784625320395
9071,89.55305608922012
9072,269.38045646144906
9073,113.60118920640664
9074,276.7959426295322
9075,278.2873383406563
9076,250.7432483803286
9077,315.3835235530207
9078,228.20869036616938
9079,756.1843770530169
9080,151.45728308173764
9081,281.3479511483572
9082,217.01872058837148
9083,101.74508871524321
9084,193.65329385669526
9085,127.8816976732447
9086,114.80223481981012
9087,364.09523130292325
9088,334.26031454418546
9089,302.13369826506
9090,158.95583767240495
9091,147.34803780878062
9092,100.20327644877005
9093,342.17250143848116
9094,328.5472292265564
9095,214.90902207729872
9096,350.5113327296957
9097,74.61333396894412
9098,281.23579689870985
9099,192.10575998244408
9100,161.42070352393486
9101,146.82155793500894
9102,116.62387870661449
9103,84.68342093858392
9104,179.2247834432962
9105,286.5543387822084
9106,420.49717040588564
9107,85.44312315473971
9108,208.59682509953817
9109,304.0068592638925
9110,216.50323945490348
9111,302.1255492446525
9112,124.76717664493407
9113,242.33260384797606
9114,169.50748554976838
9115,130.7560540403577
9116,89.22445876693631
9117,151.83141301618028
9118,234.98974304903746
9119,72.72401531830997
9120,171.2299528142624
9121,176.76821275683528
9122,220.66607989348734
9123,335.65471407164756
9124,172.8093424813966
9125,68.30098149466568
9126,385.46777874744987
9127,395.3722559384034
9128,171.9700006356043
9129,57.59388670295087
9130,106.22933582626632
9131,300.83336645908946
9132,176.248692478809
9133,81.77254095120335
9134,187.61698169598782
9135,100.36515363867758
9136,284.75027877146243
9137,116.03831984162017
9138,195.74903402464386
9139,114.23550360998286
9140,93.8049904872788
9141,162.55495602754536
9142,190.35447297529734
9143,85.1383265366069
9144,276.99953930773466
9145,286.20944698394123
9146,112.32549656791721
9147,130.71058400778884
9148,402.5692924514287
9149,427.6234740809549
9150,156.47537105950224
9151,119.67936631345772
9152,154.73316412347447
9153,100.72482079858658
9154,423.456059318929
9155,194.96269304216898
9156,160.3379396262129
9157,77.6885925666011
9158,221.85509706692915
9159,30.10201541298546
9160,165.80578604484543
9161,131.57697359519133
9162,226.0458138479081
9163,159.37194372823583
9164,148.08027311682324
9165,152.66633107416712
9166,215.74188545404002
9167,208.93560003461585
9168,114.53772090722127
9169,96.35677885831907
9170,88.42271113802289
9171,151.19040719627353
9172,147.32150359157637
9173,162.91714085293538
9174,931.8989003480937
9175,766.711074519223
9176,98.66461990594219
9177,85.04060189014314
9178,367.3192789440361
9179,48.73038020053052
9180,161.3131127003543
9181,112.69048725770313
9182,78.34841984861276
9183,221.48451529190365
9184,363.2086322127381
9185,90.78717762468776
9186,190.37925237500866
9187,99.1320106536052
9188,212.73520289826652
9189,237.86212921880326
9190,95.92087438389754
9191,104.85043924737978
9192,250.51817883425431
9193,213.78331959011857
9194,149.43522397772676
9195,855.570566446026
9196,199.803301583964
9197,210.6296381368852
9198,160.93130648558105
9199,302.62452619598605
9200,120.38594508469703
9201,163.19221209901082
9202,243.71623145134518
9203,248.51425030980005
9204,209.64342002992456
9205,339.15934862897967
9206,157.61240248582078
9207,294.11903490553595
9208,371.82124605409996
9209,95.78630462762632
9210,192.54412322983055
9211,182.9431767219058
9212,135.4452919586613
9213,269.3958722257653
9214,231.36708662457875
9215,240.24849863573513
9216,100.66444361834452
9217,511.3905908324956
9218,114.49098477367988
9219,137.52809068926248
9220,173.62041143684434
9221,392.70665394229064
9222,203.99235083740996
9223,87.68894035574603
9224,101.1828114215493
9225,148.29764438401344
9226,239.95483829495674
9227,132.95916081590616
9228,227.33329518584276
9229,179.17052760108336
9230,303.9613411964934
9231,552.8247710392798
9232,182.6636317068806
9233,141.7166781098542
9234,286.6811918180281
9235,76.38294327618253
9236,128.82858876531472
9237,265.03204472227634
9238,171.20221296130651
9239,81.09371427524262
9240,116.98980934518966
9241,125.98756973952763
9242,89.11977699545864
9243,235.89627300421958
9244,378.75608766116153
9245,179.04116741363438
9246,224.16597306873484
9247,64.8818635937341
9248,305.8008498491735
9249,110.52589012858552
9250,127.33182417498764
9251,207.11235491871247
9252,665.1866370025191
9253,169.9587883660652
9254,180.10108224954038
9255,425.2410048557591
9256,109.39983645933631
9257,112.79871378470055
9258,143.4939210493149
9259,104.76895442848786
9260,466.7321724001922
9261,102.11456930275651
9262,218.25304805206466
9263,67.86307215104239
9264,317.52831728085215
9265,146.9595468346732
9266,82.29663193170823
9267,156.14736888946248
9268,100.87091335698389
9269,123.85872612520242
9270,235.86768588325876
9271,182.04421532001743
9272,96.35688528223916
9273,140.6701309719023
9274,134.69445118836092
9275,160.60229616448228
9276,48.303843149202436
9277,45.64323031731261
9278,112.32224804023203
9279,411.6035612917922
9280,134.16324024158317
9281,117.00577998661848
9282,285.0040217317872
9283,156.15682944369948
9284,83.48155166424782
9285,173.4541054523244
9286,97.15653514138694
9287,245.29639334640618
9288,150.44249178025132
9289,76.68914864930669
9290,193.37205509916177
9291,326.443296121885
9292,302.2721942115167
9293,206.3521035598613
9294,580.8034324026254
9295,117.09162951756099
9296,313.4960959228824
9297,319.14154015168225
9298,134.75787153883118
9299,144.15788930106478
9300,174.97783531278236
9301,342.24679272403756
9302,277.0746761527614
9303,367.97538314031954
9304,105.13173893188569
9305,225.93759749858225
9306,35.05534703921238
9307,644.7596610089303
9308,436.26386110253105
9309,242.1771201854916
9310,103.76651820697208
9311,153.59238416849848
9312,206.87901705047523
9313,79.87016414628758
9314,263.8050390755205
9315,184.95128633613058
9316,325.0454975818175
9317,70.05912149492605
9318,184.2274410026337
9319,192.96864409751376
9320,230.3660471228758
9321,94.83423879797944
9322,272.1113488142701
9323,92.04423601488432
9324,197.03218489429324
9325,182.88440397146826
9326,225.6394953000338
9327,68.02512841569092
9328,389.19177512528336
9329,75.99142526728023
9330,154.41141367090762
9331,395.66144076996534
9332,138.9829216500346
9333,100.6992700072073
9334,92.45360166281816
9335,568.8747255908453
9336,104.27538424482204
9337,165.68044286492662
9338,165.28185858374016
9339,142.33399706806813
9340,118.32657271633066
9341,162.5076437577646
9342,232.59815444626577
9343,211.07510055689875
9344,229.90449621358596
9345,209.90098090184324
9346,277.90847406695303
9347,333.2376568092579
9348,206.50182596480684
9349,160.41995640947087
9350,133.44093570867915
9351,221.91367788259927
9352,86.64558159899542
9353,117.22063727742464
9354,177.1514328462309
9355,213.39908433414897
9356,259.19200183531996
9357,216.88135495563898
9358,544.0274890178665
9359,218.61125669633526
9360,193.76337910079292
9361,106.32117528338748
9362,84.10312726261319
9363,228.93990282446015
9364,210.0490658900007
9365,205.7477158357341
9366,134.450848594008
9367,549.8849714359883
9368,200.52274613384824
9369,333.9109791520333
9370,283.2607146785964
9371,140.96777021779795
9372,140.23621030181536
9373,194.08647819548196
9374,526.1320138522094
9375,721.6114271790428
9376,229.64130641099274
9377,48.764597111732506
9378,208.33147183811008
9379,288.29076522857326
9380,446.6856728365428
9381,467.2587164782437
9382,108.60189206517133
9383,253.27054920720158
9384,58.17457501970935
9385,183.83335877157555
9386,289.6603408319939
9387,196.16380530545655
9388,217.2139228325777
9389,264.01595663278107
9390,255.19171947421484
9391,406.20670564633826
9392,556.9799630391566
9393,138.69389497888562
9394,199.73644109338198
9395,303.9292284801651
9396,113.70539054812542
9397,299.25693624791603
9398,549.3813621757641
9399,194.9693307437829
9400,194.583527468891
9401,155.51683106367275
9402,131.11853166902625
9403,89.77053609336285
9404,494.69259092988204
9405,271.97146296201515
9406,365.47696425204464
9407,146.80366149729144
9408,602.9558169305087
9409,91.96733853109517
9410,142.0596849559746
9411,156.1953328685254
9412,184.81076050837157
9413,303.24532886983417
9414,105.57515910324135
9415,232.1476246458101
9416,624.60488171546
9417,78.13854597651353
9418,138.96872447788112
9419,370.07548624188286
9420,60.742399427363765
9421,214.7725190363036
9422,199.47362618953025
9423,291.64544486012693
9424,66.46574700369806
9425,122.08493026576447
9426,441.3070141524808
9427,58.080508987878225
9428,232.56085070053587
9429,145.9744949106901
9430,151.77451273141082
9431,307.10416301589277
9432,171.66443532324277
9433,156.42877542249497
9434,155.74590934460298
9435,92.01283723085591
9436,107.33630340229747
9437,133.81878269354976
9438,194.58413976033503
9439,162.56043076920153
9440,322.0817784148185
9441,320.858332300087
9442,158.6392481255595
9443,87.07427297433686
9444,161.00292570252162
9445,205.56522353145232
9446,183.60783125017178
9447,207.67733261153316
9448,204.8989995154451
9449,242.48887209455154
9450,99.89057500256759
9451,86.96730999199568
9452,341.0332158655906
9453,76.09321792918684
9454,130.58081992321428
9455,95.48531074920552
9456,56.08359217688386
9457,178.61439079447854
9458,53.13578747296663
9459,240.42341300475383
9460,175.88193903171043
9461,147.17507261237301
9462,71.5771466073339
9463,175.0413028542569
9464,329.7697282805543
9465,202.1915783583457
9466,63.563160595199506
9467,94.053165331273
9468,318.1044658481408
9469,237.59238213211762
9470,217.7808499548464
9471,194.46426779225234
9472,102.75813585115804
9473,234.73430461172845
9474,143.34300010784952
9475,112.09058682596067
9476,425.3774383692528
9477,219.97421337756865
9478,116.45996163032778
9479,299.6103527882941
9480,231.1937065019712
9481,277.1776276355842
9482,153.40020044673008
9483,177.99024887190888
9484,222.0139090387011
9485,64.05256516844709
9486,49.000706173863094
9487,155.91671211333698
9488,618.6493116204358
9489,209.20406091668656
9490,409.72006349285306
9491,493.90161932097806
9492,101.0283663909822
9493,172.99815687521806
9494,200.2361344989139
9495,111.59176414394145
9496,80.15047407877049
9497,152.30536285197186
9498,126.38076725974152
9499,54.05599827664798
9500,92.22877987301152
9501,104.27169167640281
9502,93.74353828699542
9503,277.5074540543921
9504,398.1088756675308
9505,120.75524164905023
9506,223.9103624165361
9507,182.93801922298945
9508,139.37414445456793
9509,177.35167454197364
9510,172.49127545397872
9511,114.24279426162916
9512,156.01449760793753
9513,86.88411404963547
9514,316.70326179915287
9515,330.48045383848626
9516,85.13486616529568
9517,106.67706083375549
9518,107.46720583386383
9519,149.29537094075658
9520,138.46271016795546
9521,96.5135650311565
9522,61.93220100238169
9523,174.15177102684606
9524,105.95721003953965
9525,139.10001084563
9526,119.10435828723017
9527,145.41400625949996
9528,65.43219101840027
9529,89.89379458183757
9530,342.3199525270843
9531,401.73800879854105
9532,78.2471542839636
9533,443.96748191814015
9534,103.86599494046175
9535,147.95426289247735
9536,308.04468531999294
9537,218.8238630428768
9538,90.31869218853626
9539,109.87340452271432
9540,158.29466735491684
9541,259.788217749635
9542,318.46957391730865
9543,229.18643051216577
9544,155.1978552794535
9545,198.20013958766037
9546,101.53220969879902
9547,75.23824954176229
9548,158.83802353073924
9549,92.42005267375005
9550,231.63075110769876
9551,204.09936819721742
9552,71.15232856835168
9553,221.51998161304775
9554,156.27953154078236
9555,72.40101729429608
9556,127.94821322968576
9557,222.35327099538628
9558,67.48454509027528
9559,118.84252411076517
9560,153.01929070790104
9561,186.8671266961025
9562,130.4290105297165
9563,184.74152027681677
9564,165.59649091576946
9565,196.32324788209297
9566,182.61500685723368
9567,95.33770961471949
9568,319.03512713398857
9569,77.60825193943091
9570,84.78469182516892
9571,159.86899354357305
9572,41.43479180629965
9573,164.79855200134185
9574,208.52887981337142
9575,315.28134260347326
9576,145.0256943191521
9577,253.2415849962386
9578,240.24105413509878
9579,326.61862573930966
9580,60.992883776287954
9581,301.70172098035033
9582,349.64726627827076
9583,359.3718285957202
9584,78.73158502445554
9585,269.8714131309141
9586,97.89708397587381
9587,115.1642500592959
9588,70.7532373231036
9589,259.77417055424854
9590,597.1389190509102
9591,209.50951574452978
9592,55.96173519335573
9593,412.2420452583747
9594,217.14208400369102
9595,104.5423671576703
9596,187.97414972306373
9597,86.17193376637148
9598,56.819535058270645
9599,234.3493927840445
9600,210.3596421236711
9601,51.84128815426967
9602,145.1536514912977
9603,783.8842320129863
9604,362.63445073305786
9605,287.94686530240136
9606,82.25410754751975
9607,85.95803837882595
9608,68.2364915773645
9609,97.98857482713427
9610,84.20505909945076
9611,153.02923242517502
9612,109.47851740225889
9613,90.84412201082391
9614,329.7581690290418
9615,189.07313533460953
9616,117.67472264816891
9617,101.75384419541432
9618,130.80574697739303
9619,370.33517844535464
9620,380.9344805358066
9621,558.5144964032578
9622,218.56474748885168
9623,163.2733814826339
9624,285.46667828955435
9625,167.7475354719459
9626,83.14324544557087
9627,222.39333352739303
9628,694.1863305053812
9629,158.4843090299611
9630,118.22879151620994
9631,101.16772212093208
9632,168.68344287787193
9633,172.53432395023395
9634,167.25133451286194
9635,242.0645616227674
9636,142.8749960333675
9637,89.75958525629358
9638,221.82403078716217
9639,67.70615912589243
9640,256.61478135562226
9641,182.8757536285999
9642,71.54330372428885
9643,187.17483102128827
9644,188.35300686758598
9645,221.78747722227112
9646,174.02051237591675
9647,173.76891423952853
9648,318.40653868724115
9649,95.37795436040199
9650,120.30406900087598
9651,127.34801632973529
9652,256.7725123542149
9653,137.38220855843272
9654,268.49390244086146
9655,264.1893578048581
9656,85.44822977984319
9657,127.90446278784981
9658,290.5456047321452
9659,367.0499084542449
9660,261.59318473553105
9661,270.28000646671927
9662,103.62393055143036
9663,219.89165206681372
9664,196.96556516359544
9665,128.5307976148352
9666,118.99747264770669
9667,142.2447152204774
9668,344.31329925858336
9669,171.74467241317518
9670,151.91492205394994
9671,146.03463172066682
9672,187.54758676375502
9673,211.65370659871115
9674,684.026966832511
9675,239.1377906480766
9676,922.6360039339493
9677,231.21277059052778
9678,228.87577006096504
9679,72.03979838758572
9680,329.81074069064215
9681,192.41163380235406
9682,59.2509536939695
9683,100.76098676435419
9684,358.28846796710894
9685,185.97625219498775
9686,176.9178680013728
9687,174.00982163030218
9688,352.1625474865628
9689,193.34298797769213
9690,274.6953138258426
9691,239.96406256358358
9692,106.15045553568369
9693,90.35957515111151
9694,159.12494050720335
9695,166.8778786638241
9696,212.26369720876085
9697,239.9977043808807
9698,104.74320499095948
9699,324.60892212615795
9700,569.3427533855671
9701,227.67951057829677
9702,179.75756847584432
9703,174.5877379053595
9704,123.28114060865441
9705,110.56556848972907
9706,74.9226151284088
9707,149.02107512467518
9708,87.90804841953874
9709,126.97134062466121
9710,250.7362121422003
9711,170.04313984431198
9712,526.6165699180111
9713,64.16827082418725
9714,215.0742126792585
9715,101.5675694142761
9716,118.71527315030248
9717,191.15851036664836
9718,329.61973923953224
9719,413.6868417497338
9720,205.5809818959926
9721,172.74058662492962
9722,190.14769954771526
9723,190.92588373276496
9724,139.10022332730557
9725,166.21124453987
9726,275.77631336691877
9727,227.949523663426
9728,129.63346879114448
9729,107.057982067886
9730,123.6653284652408
9731,276.93753781147205
9732,670.1485470170336
9733,225.999481694902
9734,918.5114206262845
9735,128.2013414469316
9736,119.4339042551331
9737,483.8919913096586
9738,179.6822952195863
9739,111.05378491388139
9740,130.91796877981423
9741,117.9351065136801
9742,73.21166735052844
9743,216.65436056559864
9744,297.5344258896159
9745,231.162666930028
9746,242.493762951282
9747,204.15186881616853
9748,295.49125364810175
9749,393.73527656540233
9750,74.01056189726833
9751,131.22383105178915
9752,82.14323712542107
9753,196.79319060352765
9754,158.06413122028627
9755,128.37203658760083
9756,177.0696146687437
9757,300.6239213505626
9758,74.97594461923494
9759,149.77516504335026
9760,233.22540775215398
9761,220.59374938611313
9762,415.7328880478536
9763,224.33102997110296
9764,137.18504521642555
9765,173.4815666577255
9766,178.3983220687093
9767,333.3001811901134
9768,264.37286634603953
9769,206.91459894053986
9770,116.7336368969143
9771,163.37313741410318
9772,108.53004988473155
9773,271.89267527091425
9774,69.59781469528201
9775,136.65713406742512
9776,108.24983377026487
9777,117.61983559172606
9778,275.44105475775314
9779,934.5611693266203
9780,315.34806848072
9781,214.78763319570675
9782,73.29558823387698
9783,84.97385819867004
9784,319.10201142049056
9785,378.0620396292584
9786,92.92519453170371
9787,222.69300905989866
9788,163.55998477289407
9789,116.96575645932833
9790,211.84842565196425
9791,182.45278945706204
9792,127.4635700756885
9793,135.7525394033784
9794,70.47347723182837
9795,317.55998829710404
9796,59.72582782753422
9797,87.73917899261652
9798,120.2013177225792
9799,200.30577574186566
9800,226.96505554302436
9801,181.73112950302027
9802,94.5389525939714
9803,248.02258432034563
9804,212.37181632990763
9805,347.12239919454777
9806,268.98997806698776
9807,210.35802884862372
9808,87.5188028600287
9809,183.24068268667662
9810,291.7194588177053
9811,146.0805743303646
9812,80.46044957664682
9813,243.21458685323503
9814,196.6740840060706
9815,443.499806896977
9816,71.08795972800193
9817,162.2274390824611
9818,104.73714561380471
9819,292.94515662883674
9820,154.2050497360112
9821,124.38830276312437
9822,173.50233519942032
9823,186.23015927522607
9824,90.49399018271616
9825,159.735097045635
9826,210.29033863455186
9827,142.64622590510902
9828,109.67082830341997
9829,284.3382072829032
9830,185.39805713325683
9831,268.6837179527245
9832,125.23661047836063
9833,208.4604337434802
9834,101.99074383778662
9835,144.59468024763254
9836,214.24926873038933
9837,472.632539119241
9838,80.84023632176445
9839,74.49534183305076
9840,78.39960458664048
9841,211.87392215292786
9842,202.29370973203288
9843,321.8510674713858
9844,207.6120608995785
9845,81.00602716767052
9846,96.24356528350661
9847,189.30149747484012
9848,282.5634023508293
9849,184.53219824780746
9850,78.02574132973325
9851,158.86691408998584
9852,167.64805005748374
9853,160.26720498887695
9854,173.58383209769406
9855,174.50564668310741
9856,161.47309450920875
9857,212.95536950206602
9858,57.88856513618894
9859,224.5152697999225
9860,232.63947103304315
9861,178.88249131352433
9862,66.3638264889517
9863,282.88705560430935
9864,170.9069868668616
9865,139.67860745296093
9866,221.32549794129622
9867,344.2914916186457
9868,121.8919452611188
9869,344.2808159208558
9870,63.97483284740049
9871,202.1515035922046
9872,165.00276707991944
9873,279.39132932723027
9874,187.37410069917107
9875,146.4764027965864
9876,107.7841295061751
9877,246.26178860820633
9878,239.0913251068455
9879,294.23967918973153
9880,67.90447317185601
9881,80.51105010832136
9882,125.22775339595223
9883,201.03967753501897
9884,158.6597820907346
9885,215.15967976421888
9886,348.5282968028997
9887,280.1298438732847
9888,205.6971766323322
9889,191.57320510716596
9890,171.61083782721093
9891,116.63472801996612
9892,199.4731715439325
9893,268.25388662518316
9894,106.94947727023505
9895,66.50115920647248
9896,90.19254346715475
9897,308.7913654550694
9898,160.27273893354635
9899,257.009785373061
9900,354.9259086612867
9901,249.5822720924458
9902,193.6318010251945
9903,111.18308963164479
9904,165.98044117139563
9905,221.29782978442776
9906,420.60269632649414
9907,290.9451201523833
9908,316.59249008390884
9909,109.43089223655174
9910,163.20013522187082
9911,180.98913948368423
9912,87.64192739740433
9913,133.1734027864725
9914,198.0023354325836
9915,186.5395731274464
9916,117.77218267164744
9917,133.50650673228802
9918,266.0656238567173
9919,291.3771068548301
9920,84.17347897151693
9921,177.46676120933665
9922,120.68525996628088
9923,170.92134780116461
9924,108.892135092134
9925,128.48843682799577
9926,180.38241754017477
9927,273.4290009935475
9928,146.72680935667273
9929,186.28829262862197
9930,378.82955727813265
9931,75.68894159248099
9932,383.2629603742244
9933,206.47375501149094
9934,93.17244564955526
9935,368.6625684035205
9936,164.77462422837965
9937,266.109063907213
9938,247.4089391406102
9939,69.71444030888257
9940,269.4403743591912
9941,731.0514914701823
9942,131.5842028587397
9943,51.96203427445847
9944,272.4158624925675
9945,289.0283735713742
9946,151.60030079931605
9947,475.70489793229183
9948,204.776235747427
9949,98.56057498654135
9950,355.23401742507997
9951,105.27512750184691
9952,203.61385725722732
9953,328.0794876603112
9954,169.81538022360718
9955,118.02681389601835
9956,278.28191974793765
9957,79.06303737970906
9958,246.3649018599448
9959,201.83310113874728
9960,161.569442121179
9961,166.79121793798
9962,200.0962535560443
9963,115.73590086345149
9964,112.67663264448585
9965,87.83389301769905
9966,330.28298941655663
9967,125.52736994084097
9968,433.66428500277664
9969,67.11290103006507
9970,157.41721613888794
9971,220.93458894532364
9972,51.26523760824069
9973,52.77456933621557
9974,275.61995808634754
9975,216.06544931781895
9976,75.49821570979742
9977,496.8309970647132
9978,171.66055559626062
9979,46.79316148444518
9980,409.4625751142658
9981,221.61174868559004
9982,175.45053689950885
9983,188.31268331000672
9984,187.6356960700926
9985,133.8551689136175
9986,133.81011488630708
9987,210.06775328469348
9988,153.87220395339838
9989,234.20762247052863
9990,328.43463034306205
9991,97.5838010164898
9992,123.39128978982535
9993,228.70376667868885
9994,314.02634349835813
9995,96.21675327396328
9996,145.5988319554093
9997,637.508939755606
9998,104.22698593681582
9999,165.26372827598738
